ano,mes,dia,local,serie,artista,repertorio
2014,dezembro,18,Palácio das Artes,Allegro,"Fabio Mechetti, regente","TCHAIKOVSKY | O quebra-nozes, op. 71"
2014,dezembro,18,Palácio das Artes,Allegro,Coral Infantojuvenil Palácio das Artes,"TCHAIKOVSKY | O quebra-nozes, op. 71"
2014,dezembro,9,Palácio das Artes,Vivace,"Fabio Mechetti, regente ","BARBER | Die Natali, op. 37"
2014,dezembro,9,Palácio das Artes,Vivace,"Fabio Mechetti, regente ",HAYDN | Concerto para violoncelo nº 1 em Dó maior
2014,dezembro,9,Palácio das Artes,Vivace,"Fabio Mechetti, regente ","TCHAIKOVSKY | Variações sobre um tema Rococó, op. 33"
2014,dezembro,9,Palácio das Artes,Vivace,"Fabio Mechetti, regente ","DVORÁK | Te Deum, op. 103"
2014,dezembro,9,Palácio das Artes,Vivace,"Fabio Mechetti, regente ",Bis: HAENDEL | Aleluia
2014,dezembro,9,Palácio das Artes,Vivace,"Asier Polo, violoncelo ","BARBER | Die Natali, op. 37"
2014,dezembro,9,Palácio das Artes,Vivace,"Asier Polo, violoncelo ",HAYDN | Concerto para violoncelo nº 1 em Dó maior
2014,dezembro,9,Palácio das Artes,Vivace,"Asier Polo, violoncelo ","TCHAIKOVSKY | Variações sobre um tema Rococó, op. 33"
2014,dezembro,9,Palácio das Artes,Vivace,"Asier Polo, violoncelo ","DVORÁK | Te Deum, op. 103"
2014,dezembro,9,Palácio das Artes,Vivace,"Asier Polo, violoncelo ",Bis: HAENDEL | Aleluia
2014,dezembro,9,Palácio das Artes,Vivace,"Edna D’Oliveira, soprano ","BARBER | Die Natali, op. 37"
2014,dezembro,9,Palácio das Artes,Vivace,"Edna D’Oliveira, soprano ",HAYDN | Concerto para violoncelo nº 1 em Dó maior
2014,dezembro,9,Palácio das Artes,Vivace,"Edna D’Oliveira, soprano ","TCHAIKOVSKY | Variações sobre um tema Rococó, op. 33"
2014,dezembro,9,Palácio das Artes,Vivace,"Edna D’Oliveira, soprano ","DVORÁK | Te Deum, op. 103"
2014,dezembro,9,Palácio das Artes,Vivace,"Edna D’Oliveira, soprano ",Bis: HAENDEL | Aleluia
2014,dezembro,9,Palácio das Artes,Vivace,"Leonardo Neiva, barítono ","BARBER | Die Natali, op. 37"
2014,dezembro,9,Palácio das Artes,Vivace,"Leonardo Neiva, barítono ",HAYDN | Concerto para violoncelo nº 1 em Dó maior
2014,dezembro,9,Palácio das Artes,Vivace,"Leonardo Neiva, barítono ","TCHAIKOVSKY | Variações sobre um tema Rococó, op. 33"
2014,dezembro,9,Palácio das Artes,Vivace,"Leonardo Neiva, barítono ","DVORÁK | Te Deum, op. 103"
2014,dezembro,9,Palácio das Artes,Vivace,"Leonardo Neiva, barítono ",Bis: HAENDEL | Aleluia
2014,dezembro,9,Palácio das Artes,Vivace,Coral Lírico de Minas Gerais ,"BARBER | Die Natali, op. 37"
2014,dezembro,9,Palácio das Artes,Vivace,Coral Lírico de Minas Gerais ,HAYDN | Concerto para violoncelo nº 1 em Dó maior
2014,dezembro,9,Palácio das Artes,Vivace,Coral Lírico de Minas Gerais ,"TCHAIKOVSKY | Variações sobre um tema Rococó, op. 33"
2014,dezembro,9,Palácio das Artes,Vivace,Coral Lírico de Minas Gerais ,"DVORÁK | Te Deum, op. 103"
2014,dezembro,9,Palácio das Artes,Vivace,Coral Lírico de Minas Gerais ,Bis: HAENDEL | Aleluia
2014,novembro,25,Palácio das Artes,Vivace,"Fabio Mechetti, regente ",MEHMARI | Suíte de danças reais e imaginárias
2014,novembro,25,Palácio das Artes,Vivace,"Fabio Mechetti, regente ","MOZART | Concerto para piano nº 9 em Mi bemol maior, K. 271, “Jeunehomme”"
2014,novembro,25,Palácio das Artes,Vivace,"Fabio Mechetti, regente ",BORODIN | Sinfonia nº 2 em si menor
2014,novembro,25,Palácio das Artes,Vivace,"Cristian Budu, piano ",MEHMARI | Suíte de danças reais e imaginárias
2014,novembro,25,Palácio das Artes,Vivace,"Cristian Budu, piano ","MOZART | Concerto para piano nº 9 em Mi bemol maior, K. 271, “Jeunehomme”"
2014,novembro,25,Palácio das Artes,Vivace,"Cristian Budu, piano ",BORODIN | Sinfonia nº 2 em si menor
2014,novembro,13,Palácio das Artes,Allegro,"Marcos Arakaki, regente",BAX | Tintagel
2014,novembro,13,Palácio das Artes,Allegro,"Marcos Arakaki, regente",ZEMLINSKY | A sereia
2014,novembro,13,Palácio das Artes,Allegro,"Marcos Arakaki, regente",CALANDRELLI | Concerto para clarinete de jazz
2014,novembro,13,Palácio das Artes,Allegro,"Marcos Arakaki, regente",Bis: C. P. E. BACH/Calandrelli | Solfeggietto Metamorphosis
2014,novembro,13,Palácio das Artes,Allegro,"Marcos Arakaki, regente",Bis: JOBIM | Wave
2014,novembro,13,Palácio das Artes,Allegro," Eddie Daniels, clarinete",BAX | Tintagel
2014,novembro,13,Palácio das Artes,Allegro," Eddie Daniels, clarinete",ZEMLINSKY | A sereia
2014,novembro,13,Palácio das Artes,Allegro," Eddie Daniels, clarinete",CALANDRELLI | Concerto para clarinete de jazz
2014,novembro,13,Palácio das Artes,Allegro," Eddie Daniels, clarinete",Bis: C. P. E. BACH/Calandrelli | Solfeggietto Metamorphosis
2014,novembro,13,Palácio das Artes,Allegro," Eddie Daniels, clarinete",Bis: JOBIM | Wave
2014,novembro,6,Memorial Minas Gerais Vale,Concertos de Câmara,"Cássia Lima, flauta","ARNOLD | Three Shanties, op. 4"
2014,novembro,6,Memorial Minas Gerais Vale,Concertos de Câmara,"Cássia Lima, flauta",CALLADO/W. Barros | Flor amorosa
2014,novembro,6,Memorial Minas Gerais Vale,Concertos de Câmara,"Cássia Lima, flauta",ABREU/E. Barros | Tico-tico no fubá
2014,novembro,6,Memorial Minas Gerais Vale,Concertos de Câmara,"Cássia Lima, flauta",BANDOLIM/E. Barros | Doce de coco
2014,novembro,6,Memorial Minas Gerais Vale,Concertos de Câmara,"Cássia Lima, flauta","BLUMER | Quintett, op. 52"
2014,novembro,6,Memorial Minas Gerais Vale,Concertos de Câmara," Alexandre Barros, oboé","ARNOLD | Three Shanties, op. 4"
2014,novembro,6,Memorial Minas Gerais Vale,Concertos de Câmara," Alexandre Barros, oboé",CALLADO/W. Barros | Flor amorosa
2014,novembro,6,Memorial Minas Gerais Vale,Concertos de Câmara," Alexandre Barros, oboé",ABREU/E. Barros | Tico-tico no fubá
2014,novembro,6,Memorial Minas Gerais Vale,Concertos de Câmara," Alexandre Barros, oboé",BANDOLIM/E. Barros | Doce de coco
2014,novembro,6,Memorial Minas Gerais Vale,Concertos de Câmara," Alexandre Barros, oboé","BLUMER | Quintett, op. 52"
2014,novembro,6,Memorial Minas Gerais Vale,Concertos de Câmara," Marcus Julius Lander, clarinete","ARNOLD | Three Shanties, op. 4"
2014,novembro,6,Memorial Minas Gerais Vale,Concertos de Câmara," Marcus Julius Lander, clarinete",CALLADO/W. Barros | Flor amorosa
2014,novembro,6,Memorial Minas Gerais Vale,Concertos de Câmara," Marcus Julius Lander, clarinete",ABREU/E. Barros | Tico-tico no fubá
2014,novembro,6,Memorial Minas Gerais Vale,Concertos de Câmara," Marcus Julius Lander, clarinete",BANDOLIM/E. Barros | Doce de coco
2014,novembro,6,Memorial Minas Gerais Vale,Concertos de Câmara," Marcus Julius Lander, clarinete","BLUMER | Quintett, op. 52"
2014,novembro,6,Memorial Minas Gerais Vale,Concertos de Câmara," Catherine Carignan, fagote","ARNOLD | Three Shanties, op. 4"
2014,novembro,6,Memorial Minas Gerais Vale,Concertos de Câmara," Catherine Carignan, fagote",CALLADO/W. Barros | Flor amorosa
2014,novembro,6,Memorial Minas Gerais Vale,Concertos de Câmara," Catherine Carignan, fagote",ABREU/E. Barros | Tico-tico no fubá
2014,novembro,6,Memorial Minas Gerais Vale,Concertos de Câmara," Catherine Carignan, fagote",BANDOLIM/E. Barros | Doce de coco
2014,novembro,6,Memorial Minas Gerais Vale,Concertos de Câmara," Catherine Carignan, fagote","BLUMER | Quintett, op. 52"
2014,novembro,6,Memorial Minas Gerais Vale,Concertos de Câmara," Alma Maria Liebrecht, trompa","ARNOLD | Three Shanties, op. 4"
2014,novembro,6,Memorial Minas Gerais Vale,Concertos de Câmara," Alma Maria Liebrecht, trompa",CALLADO/W. Barros | Flor amorosa
2014,novembro,6,Memorial Minas Gerais Vale,Concertos de Câmara," Alma Maria Liebrecht, trompa",ABREU/E. Barros | Tico-tico no fubá
2014,novembro,6,Memorial Minas Gerais Vale,Concertos de Câmara," Alma Maria Liebrecht, trompa",BANDOLIM/E. Barros | Doce de coco
2014,novembro,6,Memorial Minas Gerais Vale,Concertos de Câmara," Alma Maria Liebrecht, trompa","BLUMER | Quintett, op. 52"
2014,novembro,4,Palácio das Artes,Vivace,"Emmanuel Siffert, regente convidado","RAFF | Dama Kobold, op. 154: Abertura"
2014,novembro,4,Palácio das Artes,Vivace,"Emmanuel Siffert, regente convidado","BEETHOVEN | Concerto para piano nº 2, op. 19"
2014,novembro,4,Palácio das Artes,Vivace,"Emmanuel Siffert, regente convidado",LISZT | Ce qu’on entend sur la montagne
2014,novembro,4,Palácio das Artes,Vivace,"Ronaldo Rolim, piano ","RAFF | Dama Kobold, op. 154: Abertura"
2014,novembro,4,Palácio das Artes,Vivace,"Ronaldo Rolim, piano ","BEETHOVEN | Concerto para piano nº 2, op. 19"
2014,novembro,4,Palácio das Artes,Vivace,"Ronaldo Rolim, piano ",LISZT | Ce qu’on entend sur la montagne
2014,outubro,25 e 26,Sesc Palladium,Concertos para a Juventude,"Fabio Loutfi, Lucas Paiva, Márcio Steuernagel e Yuri Azevedo, regentes",DEBUSSY | Prelúdio para “A tarde de um fauno”
2014,outubro,25 e 26,Sesc Palladium,Concertos para a Juventude,"Fabio Loutfi, Lucas Paiva, Márcio Steuernagel e Yuri Azevedo, regentes",STRAVINSKY | Sinfonia em três movimentos: Overture – Allegro
2014,outubro,25 e 26,Sesc Palladium,Concertos para a Juventude,"Fabio Loutfi, Lucas Paiva, Márcio Steuernagel e Yuri Azevedo, regentes",KODÁLY | Danças de Galanta
2014,outubro,25 e 26,Sesc Palladium,Concertos para a Juventude,"Fabio Loutfi, Lucas Paiva, Márcio Steuernagel e Yuri Azevedo, regentes",ADAMS | The chairman dances
2014,outubro,16,Memorial Minas Gerais Vale,Concertos de Câmara,"Marlon Humphreys, trompete",HAENDEL/Bill Holcombe Jr. | Suíte de música aquática
2014,outubro,16,Memorial Minas Gerais Vale,Concertos de Câmara,"Marlon Humphreys, trompete",PLOG | Four sketches for brass quintet
2014,outubro,16,Memorial Minas Gerais Vale,Concertos de Câmara,"Marlon Humphreys, trompete","EWALD | Quinteto de metais nº 1, op. 5"
2014,outubro,16,Memorial Minas Gerais Vale,Concertos de Câmara," Erico Fonseca, trompete",HAENDEL/Bill Holcombe Jr. | Suíte de música aquática
2014,outubro,16,Memorial Minas Gerais Vale,Concertos de Câmara," Erico Fonseca, trompete",PLOG | Four sketches for brass quintet
2014,outubro,16,Memorial Minas Gerais Vale,Concertos de Câmara," Erico Fonseca, trompete","EWALD | Quinteto de metais nº 1, op. 5"
2014,outubro,16,Memorial Minas Gerais Vale,Concertos de Câmara," Evgueni Gerassimov, trompa",HAENDEL/Bill Holcombe Jr. | Suíte de música aquática
2014,outubro,16,Memorial Minas Gerais Vale,Concertos de Câmara," Evgueni Gerassimov, trompa",PLOG | Four sketches for brass quintet
2014,outubro,16,Memorial Minas Gerais Vale,Concertos de Câmara," Evgueni Gerassimov, trompa","EWALD | Quinteto de metais nº 1, op. 5"
2014,outubro,16,Memorial Minas Gerais Vale,Concertos de Câmara," Mark John Mulley, trombone",HAENDEL/Bill Holcombe Jr. | Suíte de música aquática
2014,outubro,16,Memorial Minas Gerais Vale,Concertos de Câmara," Mark John Mulley, trombone",PLOG | Four sketches for brass quintet
2014,outubro,16,Memorial Minas Gerais Vale,Concertos de Câmara," Mark John Mulley, trombone","EWALD | Quinteto de metais nº 1, op. 5"
2014,outubro,16,Memorial Minas Gerais Vale,Concertos de Câmara," Eleilton Cruz, tuba",HAENDEL/Bill Holcombe Jr. | Suíte de música aquática
2014,outubro,16,Memorial Minas Gerais Vale,Concertos de Câmara," Eleilton Cruz, tuba",PLOG | Four sketches for brass quintet
2014,outubro,16,Memorial Minas Gerais Vale,Concertos de Câmara," Eleilton Cruz, tuba","EWALD | Quinteto de metais nº 1, op. 5"
2014,outubro,2,Palácio das Artes,Allegro,"Edmon Colomer, regente convidado",TOLDRÀ | La filla del marxant: Suíte
2014,outubro,2,Palácio das Artes,Allegro,"Edmon Colomer, regente convidado","BRUCH | Fantasia Escocesa, op. 46"
2014,outubro,2,Palácio das Artes,Allegro,"Edmon Colomer, regente convidado","SCHUMANN | Sinfonia nº 3 em Mi bemol maior, op. 97, “Renana”"
2014,outubro,2,Palácio das Artes,Allegro," Rachel Barton Pine, violino",TOLDRÀ | La filla del marxant: Suíte
2014,outubro,2,Palácio das Artes,Allegro," Rachel Barton Pine, violino","BRUCH | Fantasia Escocesa, op. 46"
2014,outubro,2,Palácio das Artes,Allegro," Rachel Barton Pine, violino","SCHUMANN | Sinfonia nº 3 em Mi bemol maior, op. 97, “Renana”"
2014,setembro,25,Memorial Minas Gerais Vale,Concertos de Câmara,"Rommel Fernandes, violino","MOZART | Quarteto de cordas nº 17 em Si bemol maior, K. 458, “A caça”"
2014,setembro,25,Memorial Minas Gerais Vale,Concertos de Câmara,"Rommel Fernandes, violino",VILLA-LOBOS | Quarteto de cordas nº 1
2014,setembro,25,Memorial Minas Gerais Vale,Concertos de Câmara," Frank Haemmer, violino","MOZART | Quarteto de cordas nº 17 em Si bemol maior, K. 458, “A caça”"
2014,setembro,25,Memorial Minas Gerais Vale,Concertos de Câmara," Frank Haemmer, violino",VILLA-LOBOS | Quarteto de cordas nº 1
2014,setembro,25,Memorial Minas Gerais Vale,Concertos de Câmara," João Carlos Ferreira, viola","MOZART | Quarteto de cordas nº 17 em Si bemol maior, K. 458, “A caça”"
2014,setembro,25,Memorial Minas Gerais Vale,Concertos de Câmara," João Carlos Ferreira, viola",VILLA-LOBOS | Quarteto de cordas nº 1
2014,setembro,25,Memorial Minas Gerais Vale,Concertos de Câmara," Elise Pittenger, violoncelo","MOZART | Quarteto de cordas nº 17 em Si bemol maior, K. 458, “A caça”"
2014,setembro,25,Memorial Minas Gerais Vale,Concertos de Câmara," Elise Pittenger, violoncelo",VILLA-LOBOS | Quarteto de cordas nº 1
2014,setembro,22 e 23,Sesc Palladium,Concertos Didáticos,"Marcos Arakaki, regente ",WAGNER | Lohengrin: Prelúdio do Ato III
2014,setembro,22 e 23,Sesc Palladium,Concertos Didáticos,"Marcos Arakaki, regente ",F. MORAIS | Pequeno guia orquestral para concertos didáticos
2014,setembro,22 e 23,Sesc Palladium,Concertos Didáticos,"Marcos Arakaki, regente ","KABALEVSKY | Os comediantes, op. 26"
2014,setembro,22 e 23,Sesc Palladium,Concertos Didáticos,"Marcos Arakaki, regente ",BIZET | Carmem: Prelúdio
2014,setembro,21,Sesc Palladium,Concertos para a Juventude,"Marcos Arakaki, regente","AMARAL VIEIRA | Entrada Festiva, op. 135"
2014,setembro,21,Sesc Palladium,Concertos para a Juventude,"Marcos Arakaki, regente",GNATTALI | Brasiliana nº 1
2014,setembro,21,Sesc Palladium,Concertos para a Juventude,"Marcos Arakaki, regente",VILLA-LOBOS | Fantasia para saxofone e pequena orquestra
2014,setembro,21,Sesc Palladium,Concertos para a Juventude,"Marcos Arakaki, regente","NOBRE | Mosaico para orquestra, op. 36"
2014,setembro,21,Sesc Palladium,Concertos para a Juventude,"Marcos Arakaki, regente",KRIEGER | Ritmetrias
2014,setembro,21,Sesc Palladium,Concertos para a Juventude," Heleno Feitosa, saxofone","AMARAL VIEIRA | Entrada Festiva, op. 135"
2014,setembro,21,Sesc Palladium,Concertos para a Juventude," Heleno Feitosa, saxofone",GNATTALI | Brasiliana nº 1
2014,setembro,21,Sesc Palladium,Concertos para a Juventude," Heleno Feitosa, saxofone",VILLA-LOBOS | Fantasia para saxofone e pequena orquestra
2014,setembro,21,Sesc Palladium,Concertos para a Juventude," Heleno Feitosa, saxofone","NOBRE | Mosaico para orquestra, op. 36"
2014,setembro,21,Sesc Palladium,Concertos para a Juventude," Heleno Feitosa, saxofone",KRIEGER | Ritmetrias
2014,setembro,16,Palácio das Artes,Vivace,"Fabio Mechetti, regente","MOZART | Sinfonia nº 38 em Ré maior, K. 504, “Praga”"
2014,setembro,16,Palácio das Artes,Vivace,"Fabio Mechetti, regente",MAHLER | Sinfonia nº 9 em Ré maior
2014,setembro,7,Inhotim,Inhotim,"Marcos Arakaki, regente ",GUERRA-PEIXE | Museu da Inconfidência
2014,setembro,7,Inhotim,Inhotim,"Marcos Arakaki, regente ","RIMSKY-KORSAKOV | Fantasia sobre temas sérvios, op. 6"
2014,setembro,7,Inhotim,Inhotim,"Marcos Arakaki, regente ",BINICKI | Marcha no Drina
2014,setembro,7,Inhotim,Inhotim,"Marcos Arakaki, regente ",STRAVINSKY | Circus Polka
2014,setembro,7,Inhotim,Inhotim,"Marcos Arakaki, regente ",BARTÓK | Danças folclóricas romenas
2014,setembro,7,Inhotim,Inhotim,"Marcos Arakaki, regente ",SHOSTAKOVICH | Suíte de balé nº 1
2014,setembro,4,Palácio das Artes,Allegro,"Fabio Mechetti, regente",MIGNONE | Fantasia brasileira nº 4
2014,setembro,4,Palácio das Artes,Allegro,"Fabio Mechetti, regente","SHOSTAKOVICH | Concerto para piano nº 2 em Fá maior, op. 102"
2014,setembro,4,Palácio das Artes,Allegro,"Fabio Mechetti, regente",BARTÓK | Concerto para orquestra
2014,setembro,4,Palácio das Artes,Allegro,"Fabio Martino, piano",MIGNONE | Fantasia brasileira nº 4
2014,setembro,4,Palácio das Artes,Allegro,"Fabio Martino, piano","SHOSTAKOVICH | Concerto para piano nº 2 em Fá maior, op. 102"
2014,setembro,4,Palácio das Artes,Allegro,"Fabio Martino, piano",BARTÓK | Concerto para orquestra
2014,agosto,28,Memorial Minas Gerais Vale,Concertos de Câmara,"Rafael Alberto, percussão
Daniel Lemos, percussão
Sérgio Aluotto, percussão
Werner Silveira, percussão",GARLAND | Apple Blossom
2014,agosto,28,Memorial Minas Gerais Vale,Concertos de Câmara,"Rafael Alberto, percussão
Daniel Lemos, percussão
Sérgio Aluotto, percussão
Werner Silveira, percussão",LEVITAN | Variações sobre um tema de Gana
2014,agosto,28,Memorial Minas Gerais Vale,Concertos de Câmara,"Rafael Alberto, percussão
Daniel Lemos, percussão
Sérgio Aluotto, percussão
Werner Silveira, percussão",FRIEDMAN & SAMUELS | Carrosel
2014,agosto,28,Memorial Minas Gerais Vale,Concertos de Câmara,"Rafael Alberto, percussão
Daniel Lemos, percussão
Sérgio Aluotto, percussão
Werner Silveira, percussão",GOROSITO | Jogo de pandeiro
2014,agosto,28,Memorial Minas Gerais Vale,Concertos de Câmara,"Rafael Alberto, percussão
Daniel Lemos, percussão
Sérgio Aluotto, percussão
Werner Silveira, percussão",BECKER | New-thaan
2014,agosto,28,Memorial Minas Gerais Vale,Concertos de Câmara,"Rafael Alberto, percussão
Daniel Lemos, percussão
Sérgio Aluotto, percussão
Werner Silveira, percussão",BOONE | Raspberries
2014,agosto,28,Memorial Minas Gerais Vale,Concertos de Câmara,"Rafael Alberto, percussão
Daniel Lemos, percussão
Sérgio Aluotto, percussão
Werner Silveira, percussão",PASCOAL | Entrando pelos canos
2014,agosto,28,Memorial Minas Gerais Vale,Concertos de Câmara,"Rafael Alberto, percussão
Daniel Lemos, percussão
Sérgio Aluotto, percussão
Werner Silveira, percussão",Bis: SÉJOURNÉ | Vous avez du feu? [Você tem fogo?]
2014,agosto,26 e 27,Palácio das Artes,Vivace,"Fabio Mechetti, regente",MARGUTTI | Identidades
2014,agosto,26 e 27,Palácio das Artes,Vivace,"Fabio Mechetti, regente","CHOPIN | Concerto para piano nº 2 em fá menor, op. 21"
2014,agosto,26 e 27,Palácio das Artes,Vivace,"Fabio Mechetti, regente","SHOSTAKOVICH | Sinfonia nº 15 em Lá maior, op. 141"
2014,agosto,26 e 27,Palácio das Artes,Vivace,"Nelson Freire, piano",MARGUTTI | Identidades
2014,agosto,26 e 27,Palácio das Artes,Vivace,"Nelson Freire, piano","CHOPIN | Concerto para piano nº 2 em fá menor, op. 21"
2014,agosto,26 e 27,Palácio das Artes,Vivace,"Nelson Freire, piano","SHOSTAKOVICH | Sinfonia nº 15 em Lá maior, op. 141"
2014,agosto,14,Palácio das Artes,Allegro,"Mei-Ann Chen, regente convidada","MENDELSSOHN | A gruta de Fingal, op. 26"
2014,agosto,14,Palácio das Artes,Allegro,"Mei-Ann Chen, regente convidada","SAINT-SAËNS | Concerto para violoncelo nº 1, op. 33"
2014,agosto,14,Palácio das Artes,Allegro,"Mei-Ann Chen, regente convidada",RESPIGHI | Adagio com variações para violoncelo e orquestra
2014,agosto,14,Palácio das Artes,Allegro,"Mei-Ann Chen, regente convidada","BRITTEN | Peter Grimes: Quatro interlúdios marítimos, op. 33a"
2014,agosto,14,Palácio das Artes,Allegro,"Mei-Ann Chen, regente convidada","RACHMANINOV | A ilha dos mortos, op. 29"
2014,agosto,14,Palácio das Artes,Allegro,"Umberto Clerici, violoncelo","MENDELSSOHN | A gruta de Fingal, op. 26"
2014,agosto,14,Palácio das Artes,Allegro,"Umberto Clerici, violoncelo","SAINT-SAËNS | Concerto para violoncelo nº 1, op. 33"
2014,agosto,14,Palácio das Artes,Allegro,"Umberto Clerici, violoncelo",RESPIGHI | Adagio com variações para violoncelo e orquestra
2014,agosto,14,Palácio das Artes,Allegro,"Umberto Clerici, violoncelo","BRITTEN | Peter Grimes: Quatro interlúdios marítimos, op. 33a"
2014,agosto,14,Palácio das Artes,Allegro,"Umberto Clerici, violoncelo","RACHMANINOV | A ilha dos mortos, op. 29"
2014,agosto,10,Praça Floriano Peixoto,Clássicos na Praça,"Marcos Arakaki, regente ",GUERRA-PEIXE | Museu da Inconfidência
2014,agosto,10,Praça Floriano Peixoto,Clássicos na Praça,"Marcos Arakaki, regente ","RIMSKY-KORSAKOV | Fantasia sobre temas sérvios, op. 6"
2014,agosto,10,Praça Floriano Peixoto,Clássicos na Praça,"Marcos Arakaki, regente ",BINICKI | Marcha no Drina
2014,agosto,10,Praça Floriano Peixoto,Clássicos na Praça,"Marcos Arakaki, regente ",STRAVINSKY | Circus Polka
2014,agosto,10,Praça Floriano Peixoto,Clássicos na Praça,"Marcos Arakaki, regente ",BARTÓK | Danças folclóricas romenas
2014,agosto,10,Praça Floriano Peixoto,Clássicos na Praça,"Marcos Arakaki, regente ",SHOSTAKOVICH | Suíte de balé nº 1
2014,agosto,5,Palácio das Artes,Vivace,"Celso Antunes, regente convidado","BEETHOVEN | As ruínas de Atenas, op. 113: Abertura"
2014,agosto,5,Palácio das Artes,Vivace,"Celso Antunes, regente convidado","MOZART | Concerto para violino nº 3 em Sol maior, K. 216"
2014,agosto,5,Palácio das Artes,Vivace,"Celso Antunes, regente convidado",TIPPETT | Sinfonia nº 2
2014,agosto,5,Palácio das Artes,Vivace,"Luíz Filíp, violino ","BEETHOVEN | As ruínas de Atenas, op. 113: Abertura"
2014,agosto,5,Palácio das Artes,Vivace,"Luíz Filíp, violino ","MOZART | Concerto para violino nº 3 em Sol maior, K. 216"
2014,agosto,5,Palácio das Artes,Vivace,"Luíz Filíp, violino ",TIPPETT | Sinfonia nº 2
2014,julho,27,Juiz de Fora,Turnê Estadual,"Fabio Mechetti, regente ",MOZART | Don Giovanni: Abertura
2014,julho,27,Juiz de Fora,Turnê Estadual,"Fabio Mechetti, regente ","R. STRAUSS | Concerto para trompa nº 1 em Mi bemol maior, op. 11"
2014,julho,27,Juiz de Fora,Turnê Estadual,"Fabio Mechetti, regente ","R. STRAUSS | Don Juan, op. 20"
2014,julho,27,Juiz de Fora,Turnê Estadual,"Szabolcs Zempléni, trompa ",MOZART | Don Giovanni: Abertura
2014,julho,27,Juiz de Fora,Turnê Estadual,"Szabolcs Zempléni, trompa ","R. STRAUSS | Concerto para trompa nº 1 em Mi bemol maior, op. 11"
2014,julho,27,Juiz de Fora,Turnê Estadual,"Szabolcs Zempléni, trompa ","R. STRAUSS | Don Juan, op. 20"
2014,julho,24,Palácio das Artes,Allegro,"Fabio Mechetti, regente","R. STRAUSS | Da Itália, op. 16"
2014,julho,24,Palácio das Artes,Allegro,"Fabio Mechetti, regente","R. STRAUSS | Concerto para trompa nº 1 em Mi bemol maior, op. 11"
2014,julho,24,Palácio das Artes,Allegro,"Fabio Mechetti, regente","R. STRAUSS | Salomé, op. 54: Dança dos sete véus"
2014,julho,24,Palácio das Artes,Allegro,"Szabolcs Zempléni, trompa ","R. STRAUSS | Da Itália, op. 16"
2014,julho,24,Palácio das Artes,Allegro,"Szabolcs Zempléni, trompa ","R. STRAUSS | Concerto para trompa nº 1 em Mi bemol maior, op. 11"
2014,julho,24,Palácio das Artes,Allegro,"Szabolcs Zempléni, trompa ","R. STRAUSS | Salomé, op. 54: Dança dos sete véus"
2014,julho,18 e 19,Itabirito e Mariana,Turnê Estadual,"Marcos Arakaki, regente ","AMARAL VIEIRA | Entrada Festiva, op. 135"
2014,julho,18 e 19,Itabirito e Mariana,Turnê Estadual,"Marcos Arakaki, regente ",J. STRAUSS JR. | O morcego: Abertura
2014,julho,18 e 19,Itabirito e Mariana,Turnê Estadual,"Marcos Arakaki, regente ","RIMSKY-KORSAKOV | O conto do Czar Saltan: Suíte, op. 57"
2014,julho,18 e 19,Itabirito e Mariana,Turnê Estadual,"Marcos Arakaki, regente ","GRIEG | Peer Gynt: Suíte nº 1, op. 46"
2014,julho,18 e 19,Itabirito e Mariana,Turnê Estadual,"Marcos Arakaki, regente ",J. WILLIAMS | Parque dos Dinossauros: Tema
2014,julho,18 e 19,Itabirito e Mariana,Turnê Estadual,"Marcos Arakaki, regente ","SAINT-SAËNS | Sansão e Dalila, op. 47: Bacanal"
2014,julho,15,Palácio das Artes,Vivace,"Fabio Mechetti, regente","R. STRAUSS | O burguês fidalgo, op. 60: Suíte"
2014,julho,15,Palácio das Artes,Vivace,"Fabio Mechetti, regente","R. STRAUSS | Capriccio, op. 85: Cena final"
2014,julho,15,Palácio das Artes,Vivace,"Fabio Mechetti, regente","R. STRAUSS | Serenata em Mi bemol maior, op. 7"
2014,julho,15,Palácio das Artes,Vivace,"Fabio Mechetti, regente",R. STRAUSS | Quatro últimas canções
2014,julho,15,Palácio das Artes,Vivace," Adriane Queiroz, soprano","R. STRAUSS | O burguês fidalgo, op. 60: Suíte"
2014,julho,15,Palácio das Artes,Vivace," Adriane Queiroz, soprano","R. STRAUSS | Capriccio, op. 85: Cena final"
2014,julho,15,Palácio das Artes,Vivace," Adriane Queiroz, soprano","R. STRAUSS | Serenata em Mi bemol maior, op. 7"
2014,julho,15,Palácio das Artes,Vivace," Adriane Queiroz, soprano",R. STRAUSS | Quatro últimas canções
2014,julho,3,Palácio das Artes,Allegro,"Fabio Mechetti, regente","R. STRAUSS | Sinfonia nº 2 em fá menor, op. 12"
2014,julho,3,Palácio das Artes,Allegro,"Fabio Mechetti, regente","R. STRAUSS | Burleske em ré menor, op. 11"
2014,julho,3,Palácio das Artes,Allegro,"Fabio Mechetti, regente","R. STRAUSS | Don Juan, op. 20"
2014,julho,3,Palácio das Artes,Allegro," Arnaldo Cohen, piano","R. STRAUSS | Sinfonia nº 2 em fá menor, op. 12"
2014,julho,3,Palácio das Artes,Allegro," Arnaldo Cohen, piano","R. STRAUSS | Burleske em ré menor, op. 11"
2014,julho,3,Palácio das Artes,Allegro," Arnaldo Cohen, piano","R. STRAUSS | Don Juan, op. 20"
2014,junho,26 e 27,Nova Serrana e Patos de Minas,Turnê Estadual,"Marcos Arakaki, regente","AMARAL VIEIRA | Entrada Festiva, op. 135"
2014,junho,26 e 27,Nova Serrana e Patos de Minas,Turnê Estadual,"Marcos Arakaki, regente",J. STRAUSS JR. | O morcego: Abertura
2014,junho,26 e 27,Nova Serrana e Patos de Minas,Turnê Estadual,"Marcos Arakaki, regente","RIMSKY-KORSAKOV | O conto do Czar Saltan: Suíte, op. 57"
2014,junho,26 e 27,Nova Serrana e Patos de Minas,Turnê Estadual,"Marcos Arakaki, regente","GRIEG | Peer Gynt: Suíte nº 1, op. 46"
2014,junho,26 e 27,Nova Serrana e Patos de Minas,Turnê Estadual,"Marcos Arakaki, regente",J. WILLIAMS | Parque dos Dinossauros: Tema
2014,junho,26 e 27,Nova Serrana e Patos de Minas,Turnê Estadual,"Marcos Arakaki, regente","SAINT-SAËNS | Sansão e Dalila, op. 47: Bacanal"
2014,junho,22,Sesc Palladium,Concertos para a Juventude,"Marcos Arakaki, regente ",WAGNER | Lohengrin: Prelúdio do Ato III
2014,junho,22,Sesc Palladium,Concertos para a Juventude,"Marcos Arakaki, regente ",VERDI | La traviata: Prelúdio do Ato I
2014,junho,22,Sesc Palladium,Concertos para a Juventude,"Marcos Arakaki, regente ","RIMSKY-KORSAKOV | O conto do Czar Saltan: Suíte, op. 57"
2014,junho,22,Sesc Palladium,Concertos para a Juventude,"Marcos Arakaki, regente ","TCHAIKOVSKY | Marcha Eslava, op. 31"
2014,junho,22,Sesc Palladium,Concertos para a Juventude,"Marcos Arakaki, regente ","BRAHMS | Abertura Festival Acadêmico, op. 80"
2014,junho,22,Sesc Palladium,Concertos para a Juventude,"Marcos Arakaki, regente ","SAINT-SAËNS | Sansão e Dalila, op. 47: Bacanal"
2014,junho,6 e 7,Uberaba e Frutal,Turnê Estadual,"Marcos Arakaki, regente ","AMARAL VIEIRA | Entrada Festiva, op. 135"
2014,junho,6 e 7,Uberaba e Frutal,Turnê Estadual,"Marcos Arakaki, regente ","RIMSKY-KORSAKOV | O conto do Czar Saltan: Suíte, op. 57"
2014,junho,6 e 7,Uberaba e Frutal,Turnê Estadual,"Marcos Arakaki, regente ",GNATTALI | Brasiliana nº 1
2014,junho,6 e 7,Uberaba e Frutal,Turnê Estadual,"Marcos Arakaki, regente ","GRIEG | Peer Gynt: Suíte nº 1, op. 46"
2014,junho,6 e 7,Uberaba e Frutal,Turnê Estadual,"Marcos Arakaki, regente ","SAINT-SAËNS | Sansão e Dalila, op. 47: Bacanal"
2014,junho,3,Palácio das Artes,Vivace,"Fabio Mechetti, regente","J. C. BACH | Sinfonia nº 1 em Mi bemol maior, op. 18"
2014,junho,3,Palácio das Artes,Vivace,"Fabio Mechetti, regente","RACHMANINOV | Concerto para piano nº 1 em fá sustenido menor, op. 1"
2014,junho,3,Palácio das Artes,Vivace,"Fabio Mechetti, regente","PROKOFIEV | Sinfonia nº 7 em dó sustenido menor, op. 131"
2014,junho,3,Palácio das Artes,Vivace,"Boris Giltburg, piano","J. C. BACH | Sinfonia nº 1 em Mi bemol maior, op. 18"
2014,junho,3,Palácio das Artes,Vivace,"Boris Giltburg, piano","RACHMANINOV | Concerto para piano nº 1 em fá sustenido menor, op. 1"
2014,junho,3,Palácio das Artes,Vivace,"Boris Giltburg, piano","PROKOFIEV | Sinfonia nº 7 em dó sustenido menor, op. 131"
2014,maio,29,Palácio das Artes,Allegro,"Kazuyoshi Akiyama, regente convidado",HAYAKAWA | As quatro estações no Japão
2014,maio,29,Palácio das Artes,Allegro,"Kazuyoshi Akiyama, regente convidado","ELGAR | Sinfonia nº 1 em Lá bemol maior, op. 55"
2014,maio,22,Praça Milton Campos,Turnê Estadual,"Marcos Arakaki, regente",J. STRAUSS JR. | O morcego: Abertura
2014,maio,22,Praça Milton Campos,Turnê Estadual,"Marcos Arakaki, regente","J. STRAUSS JR. | Vozes da primavera, op. 410"
2014,maio,22,Praça Milton Campos,Turnê Estadual,"Marcos Arakaki, regente",BRAGA | Episódio Sinfônico
2014,maio,22,Praça Milton Campos,Turnê Estadual,"Marcos Arakaki, regente",J. WILLIAMS | Parque dos Dinossauros: Tema
2014,maio,22,Praça Milton Campos,Turnê Estadual,"Marcos Arakaki, regente",J. WILLIAMS | Harry Potter e a Pedra Filosofal: Suíte
2014,maio,22,Praça Milton Campos,Turnê Estadual,"Marcos Arakaki, regente",GERSHWIN | Abertura Cubana
2014,maio,20,Palácio das Artes,Vivace,"Kazuyoshi Akiyama, regente convidado","BRAHMS | Sinfonia nº 3 em Fá maior, op. 90"
2014,maio,20,Palácio das Artes,Vivace,"Kazuyoshi Akiyama, regente convidado","BEETHOVEN | Concerto para violino em Ré maior, op. 61"
2014,maio,20,Palácio das Artes,Vivace,"Vadim Gluzman, violino ","BRAHMS | Sinfonia nº 3 em Fá maior, op. 90"
2014,maio,20,Palácio das Artes,Vivace,"Vadim Gluzman, violino ","BEETHOVEN | Concerto para violino em Ré maior, op. 61"
2014,maio,11,Praça da Liberdade,Clássicos na Praça,"Marcos Arakaki, regente",J. STRAUSS JR. | O morcego: Abertura
2014,maio,11,Praça da Liberdade,Clássicos na Praça,"Marcos Arakaki, regente","J. STRAUSS JR. | Vozes da primavera, op. 410"
2014,maio,11,Praça da Liberdade,Clássicos na Praça,"Marcos Arakaki, regente",BRAGA | Episódio Sinfônico
2014,maio,11,Praça da Liberdade,Clássicos na Praça,"Marcos Arakaki, regente",J. WILLIAMS | Parque dos Dinossauros: Tema
2014,maio,11,Praça da Liberdade,Clássicos na Praça,"Marcos Arakaki, regente",J. WILLIAMS | Harry Potter e a Pedra Filosofal: Suíte
2014,maio,11,Praça da Liberdade,Clássicos na Praça,"Marcos Arakaki, regente",GERSHWIN | Abertura Cubana
2014,maio,8,Palácio das Artes,Allegro,"Roberto Tibiriçá, regente convidado",BRAGA | Episódio Sinfônico
2014,maio,8,Palácio das Artes,Allegro,"Roberto Tibiriçá, regente convidado","GRIEG | Concerto para piano em lá menor, op. 16"
2014,maio,8,Palácio das Artes,Allegro,"Roberto Tibiriçá, regente convidado","SCHUBERT | Sinfonia nº 8 em si menor, D. 759, “Inacabada”"
2014,maio,8,Palácio das Artes,Allegro,"Roberto Tibiriçá, regente convidado",TCHAIKOVSKY | Romeu e Julieta: Abertura-Fantasia
2014,maio,8,Palácio das Artes,Allegro,"Jon Nakamatsu, piano ",BRAGA | Episódio Sinfônico
2014,maio,8,Palácio das Artes,Allegro,"Jon Nakamatsu, piano ","GRIEG | Concerto para piano em lá menor, op. 16"
2014,maio,8,Palácio das Artes,Allegro,"Jon Nakamatsu, piano ","SCHUBERT | Sinfonia nº 8 em si menor, D. 759, “Inacabada”"
2014,maio,8,Palácio das Artes,Allegro,"Jon Nakamatsu, piano ",TCHAIKOVSKY | Romeu e Julieta: Abertura-Fantasia
2014,maio,4,Sesc Palladium,Concertos para a Juventude,"Marcos Arakaki, regente ",BEETHOVEN | Egmont: Abertura
2014,maio,4,Sesc Palladium,Concertos para a Juventude,"Marcos Arakaki, regente ",WEBER | Oberon: Abertura
2014,maio,4,Sesc Palladium,Concertos para a Juventude,"Marcos Arakaki, regente ",ROSSINI | Semiramide: Abertura
2014,maio,4,Sesc Palladium,Concertos para a Juventude,"Marcos Arakaki, regente ","SCHUBERT | Rosamunde: Abertura, D. 644"
2014,maio,4,Sesc Palladium,Concertos para a Juventude,"Marcos Arakaki, regente ","BERLIOZ | Abertura Carnaval Romano, op. 9"
2014,abril,29,Palácio das Artes,Vivace,"Fabio Mechetti, regente",GUERRA-PEIXE | Ponteado
2014,abril,29,Palácio das Artes,Vivace,"Fabio Mechetti, regente","GUERRA-PEIXE | Suíte Sinfônica nº 1, “Paulista”"
2014,abril,29,Palácio das Artes,Vivace,"Fabio Mechetti, regente",GERSHWIN | Abertura Cubana
2014,abril,29,Palácio das Artes,Vivace,"Fabio Mechetti, regente",GERSHWIN | Concerto em Fá
2014,abril,29,Palácio das Artes,Vivace,"Ian Parker, piano ",GUERRA-PEIXE | Ponteado
2014,abril,29,Palácio das Artes,Vivace,"Ian Parker, piano ","GUERRA-PEIXE | Suíte Sinfônica nº 1, “Paulista”"
2014,abril,29,Palácio das Artes,Vivace,"Ian Parker, piano ",GERSHWIN | Abertura Cubana
2014,abril,29,Palácio das Artes,Vivace,"Ian Parker, piano ",GERSHWIN | Concerto em Fá
2014,abril,17,Palácio das Artes,Allegro,"Marcos Arakaki, regente","BRAHMS | Abertura Trágica, op. 81"
2014,abril,17,Palácio das Artes,Allegro,"Marcos Arakaki, regente","SAINT-SAËNS | Concerto para piano nº 4 em dó menor, op. 44"
2014,abril,17,Palácio das Artes,Allegro,"Marcos Arakaki, regente",NEPOMUCENO | Sinfonia em sol menor
2014,abril,17,Palácio das Artes,Allegro,"Anna Malikova, piano ","BRAHMS | Abertura Trágica, op. 81"
2014,abril,17,Palácio das Artes,Allegro,"Anna Malikova, piano ","SAINT-SAËNS | Concerto para piano nº 4 em dó menor, op. 44"
2014,abril,17,Palácio das Artes,Allegro,"Anna Malikova, piano ",NEPOMUCENO | Sinfonia em sol menor
2014,abril,12,Paróquia de Sant’Ana do Barroso,Turnê Estadual,"Cássia Lima, flauta ",IBERT | Três peças breves
2014,abril,12,Paróquia de Sant’Ana do Barroso,Turnê Estadual,"Cássia Lima, flauta ",D’RIVERA | Aires tropicales
2014,abril,12,Paróquia de Sant’Ana do Barroso,Turnê Estadual,"Cássia Lima, flauta ",FARKAS | Cinco danças antigas húngaras
2014,abril,12,Paróquia de Sant’Ana do Barroso,Turnê Estadual,"Cássia Lima, flauta ",K-XIMBINHO/E. Barros | Sempre
2014,abril,12,Paróquia de Sant’Ana do Barroso,Turnê Estadual,"Cássia Lima, flauta ",CALLADO/W. Barros | Flor amorosa
2014,abril,12,Paróquia de Sant’Ana do Barroso,Turnê Estadual,"Cássia Lima, flauta ",ABREU/E. Barros | Tico-tico no fubá
2014,abril,12,Paróquia de Sant’Ana do Barroso,Turnê Estadual,"Alexandre Barros, oboé ",IBERT | Três peças breves
2014,abril,12,Paróquia de Sant’Ana do Barroso,Turnê Estadual,"Alexandre Barros, oboé ",D’RIVERA | Aires tropicales
2014,abril,12,Paróquia de Sant’Ana do Barroso,Turnê Estadual,"Alexandre Barros, oboé ",FARKAS | Cinco danças antigas húngaras
2014,abril,12,Paróquia de Sant’Ana do Barroso,Turnê Estadual,"Alexandre Barros, oboé ",K-XIMBINHO/E. Barros | Sempre
2014,abril,12,Paróquia de Sant’Ana do Barroso,Turnê Estadual,"Alexandre Barros, oboé ",CALLADO/W. Barros | Flor amorosa
2014,abril,12,Paróquia de Sant’Ana do Barroso,Turnê Estadual,"Alexandre Barros, oboé ",ABREU/E. Barros | Tico-tico no fubá
2014,abril,12,Paróquia de Sant’Ana do Barroso,Turnê Estadual,"Marcus Julius Lander, clarinete ",IBERT | Três peças breves
2014,abril,12,Paróquia de Sant’Ana do Barroso,Turnê Estadual,"Marcus Julius Lander, clarinete ",D’RIVERA | Aires tropicales
2014,abril,12,Paróquia de Sant’Ana do Barroso,Turnê Estadual,"Marcus Julius Lander, clarinete ",FARKAS | Cinco danças antigas húngaras
2014,abril,12,Paróquia de Sant’Ana do Barroso,Turnê Estadual,"Marcus Julius Lander, clarinete ",K-XIMBINHO/E. Barros | Sempre
2014,abril,12,Paróquia de Sant’Ana do Barroso,Turnê Estadual,"Marcus Julius Lander, clarinete ",CALLADO/W. Barros | Flor amorosa
2014,abril,12,Paróquia de Sant’Ana do Barroso,Turnê Estadual,"Marcus Julius Lander, clarinete ",ABREU/E. Barros | Tico-tico no fubá
2014,abril,12,Paróquia de Sant’Ana do Barroso,Turnê Estadual,"Catherine Carignan, fagote ",IBERT | Três peças breves
2014,abril,12,Paróquia de Sant’Ana do Barroso,Turnê Estadual,"Catherine Carignan, fagote ",D’RIVERA | Aires tropicales
2014,abril,12,Paróquia de Sant’Ana do Barroso,Turnê Estadual,"Catherine Carignan, fagote ",FARKAS | Cinco danças antigas húngaras
2014,abril,12,Paróquia de Sant’Ana do Barroso,Turnê Estadual,"Catherine Carignan, fagote ",K-XIMBINHO/E. Barros | Sempre
2014,abril,12,Paróquia de Sant’Ana do Barroso,Turnê Estadual,"Catherine Carignan, fagote ",CALLADO/W. Barros | Flor amorosa
2014,abril,12,Paróquia de Sant’Ana do Barroso,Turnê Estadual,"Catherine Carignan, fagote ",ABREU/E. Barros | Tico-tico no fubá
2014,abril,12,Paróquia de Sant’Ana do Barroso,Turnê Estadual,"Alma Maria Liebrecht, trompa ",IBERT | Três peças breves
2014,abril,12,Paróquia de Sant’Ana do Barroso,Turnê Estadual,"Alma Maria Liebrecht, trompa ",D’RIVERA | Aires tropicales
2014,abril,12,Paróquia de Sant’Ana do Barroso,Turnê Estadual,"Alma Maria Liebrecht, trompa ",FARKAS | Cinco danças antigas húngaras
2014,abril,12,Paróquia de Sant’Ana do Barroso,Turnê Estadual,"Alma Maria Liebrecht, trompa ",K-XIMBINHO/E. Barros | Sempre
2014,abril,12,Paróquia de Sant’Ana do Barroso,Turnê Estadual,"Alma Maria Liebrecht, trompa ",CALLADO/W. Barros | Flor amorosa
2014,abril,12,Paróquia de Sant’Ana do Barroso,Turnê Estadual,"Alma Maria Liebrecht, trompa ",ABREU/E. Barros | Tico-tico no fubá
2014,abril,11 e 12,Tiradentes e São João del-Rei,Turnê Estadual,"Marcos Arakaki, regente","PURCELL | Abdelazer, Z. 570: Suíte (excertos)"
2014,abril,11 e 12,Tiradentes e São João del-Rei,Turnê Estadual,"Marcos Arakaki, regente",J. S. BACH | Cantata nº 109
2014,abril,11 e 12,Tiradentes e São João del-Rei,Turnê Estadual,"Marcos Arakaki, regente",J. P. SOUSA | Missa pequena
2014,abril,11 e 12,Tiradentes e São João del-Rei,Turnê Estadual,"Melina Peixoto, soprano","PURCELL | Abdelazer, Z. 570: Suíte (excertos)"
2014,abril,11 e 12,Tiradentes e São João del-Rei,Turnê Estadual,"Melina Peixoto, soprano",J. S. BACH | Cantata nº 109
2014,abril,11 e 12,Tiradentes e São João del-Rei,Turnê Estadual,"Melina Peixoto, soprano",J. P. SOUSA | Missa pequena
2014,abril,11 e 12,Tiradentes e São João del-Rei,Turnê Estadual,"Luciana Monteiro de Castro, alto","PURCELL | Abdelazer, Z. 570: Suíte (excertos)"
2014,abril,11 e 12,Tiradentes e São João del-Rei,Turnê Estadual,"Luciana Monteiro de Castro, alto",J. S. BACH | Cantata nº 109
2014,abril,11 e 12,Tiradentes e São João del-Rei,Turnê Estadual,"Luciana Monteiro de Castro, alto",J. P. SOUSA | Missa pequena
2014,abril,11 e 12,Tiradentes e São João del-Rei,Turnê Estadual,"Marcos Liesenberg, tenor","PURCELL | Abdelazer, Z. 570: Suíte (excertos)"
2014,abril,11 e 12,Tiradentes e São João del-Rei,Turnê Estadual,"Marcos Liesenberg, tenor",J. S. BACH | Cantata nº 109
2014,abril,11 e 12,Tiradentes e São João del-Rei,Turnê Estadual,"Marcos Liesenberg, tenor",J. P. SOUSA | Missa pequena
2014,abril,11 e 12,Tiradentes e São João del-Rei,Turnê Estadual,"Misael dos Santos, baixo ","PURCELL | Abdelazer, Z. 570: Suíte (excertos)"
2014,abril,11 e 12,Tiradentes e São João del-Rei,Turnê Estadual,"Misael dos Santos, baixo ",J. S. BACH | Cantata nº 109
2014,abril,11 e 12,Tiradentes e São João del-Rei,Turnê Estadual,"Misael dos Santos, baixo ",J. P. SOUSA | Missa pequena
2014,abril,11 e 12,Tiradentes e São João del-Rei,Turnê Estadual,Coral Ars Nova ,"PURCELL | Abdelazer, Z. 570: Suíte (excertos)"
2014,abril,11 e 12,Tiradentes e São João del-Rei,Turnê Estadual,Coral Ars Nova ,J. S. BACH | Cantata nº 109
2014,abril,11 e 12,Tiradentes e São João del-Rei,Turnê Estadual,Coral Ars Nova ,J. P. SOUSA | Missa pequena
2014,abril,6,Sesc Palladium,Concertos para a Juventude,"Marcos Arakaki, regente",MOZART | Don Giovanni: Abertura
2014,abril,6,Sesc Palladium,Concertos para a Juventude,"Marcos Arakaki, regente",DITTERSDORF | Concerto para contrabaixo em Mi maior
2014,abril,6,Sesc Palladium,Concertos para a Juventude,"Marcos Arakaki, regente","BOCCHERINI | Sinfonia nº 1 em Ré maior, G. 490"
2014,abril,6,Sesc Palladium,Concertos para a Juventude,"Marcos Arakaki, regente","HAYDN | Sinfonia nº 45 em fá sustenido menor, Hob. I: 45, “Do Adeus”"
2014,abril,6,Sesc Palladium,Concertos para a Juventude,"Colin Chatfield, contrabaixo ",MOZART | Don Giovanni: Abertura
2014,abril,6,Sesc Palladium,Concertos para a Juventude,"Colin Chatfield, contrabaixo ",DITTERSDORF | Concerto para contrabaixo em Mi maior
2014,abril,6,Sesc Palladium,Concertos para a Juventude,"Colin Chatfield, contrabaixo ","BOCCHERINI | Sinfonia nº 1 em Ré maior, G. 490"
2014,abril,6,Sesc Palladium,Concertos para a Juventude,"Colin Chatfield, contrabaixo ","HAYDN | Sinfonia nº 45 em fá sustenido menor, Hob. I: 45, “Do Adeus”"
2014,abril,3,Palácio das Artes,Allegro,"Fabio Mechetti, regente","HAYDN | Sinfonia nº 88 em Sol maior, Hob. I: 88"
2014,abril,3,Palácio das Artes,Allegro,"Fabio Mechetti, regente","J. S. BACH | Concerto de Brandenburgo nº 4 em Sol maior, BWV 1049"
2014,abril,3,Palácio das Artes,Allegro,"Fabio Mechetti, regente","DVORÁK | Sinfonia nº 4 em ré menor, op. 13"
2014,abril,3,Palácio das Artes,Allegro,"Cássia Lima, flauta","HAYDN | Sinfonia nº 88 em Sol maior, Hob. I: 88"
2014,abril,3,Palácio das Artes,Allegro,"Cássia Lima, flauta","J. S. BACH | Concerto de Brandenburgo nº 4 em Sol maior, BWV 1049"
2014,abril,3,Palácio das Artes,Allegro,"Cássia Lima, flauta","DVORÁK | Sinfonia nº 4 em ré menor, op. 13"
2014,abril,3,Palácio das Artes,Allegro,"Renata Xavier, flauta","HAYDN | Sinfonia nº 88 em Sol maior, Hob. I: 88"
2014,abril,3,Palácio das Artes,Allegro,"Renata Xavier, flauta","J. S. BACH | Concerto de Brandenburgo nº 4 em Sol maior, BWV 1049"
2014,abril,3,Palácio das Artes,Allegro,"Renata Xavier, flauta","DVORÁK | Sinfonia nº 4 em ré menor, op. 13"
2014,abril,3,Palácio das Artes,Allegro,"Anthony Flint, violino ","HAYDN | Sinfonia nº 88 em Sol maior, Hob. I: 88"
2014,abril,3,Palácio das Artes,Allegro,"Anthony Flint, violino ","J. S. BACH | Concerto de Brandenburgo nº 4 em Sol maior, BWV 1049"
2014,abril,3,Palácio das Artes,Allegro,"Anthony Flint, violino ","DVORÁK | Sinfonia nº 4 em ré menor, op. 13"
2014,março,25,Palácio das Artes,Vivace,"Fabio Mechetti, regente ",BEETHOVEN | Fidelio: Abertura
2014,março,25,Palácio das Artes,Vivace,"Fabio Mechetti, regente ",BARTÓK | Concerto para violino nº 2
2014,março,25,Palácio das Artes,Vivace,"Fabio Mechetti, regente ","VILLA-LOBOS | Erosão, “A origem do rio Amazonas”"
2014,março,25,Palácio das Artes,Vivace,"Fabio Mechetti, regente ","ENESCU | Rapsódia romena nº 1 em Lá maior, op. 11"
2014,março,25,Palácio das Artes,Vivace,"Augustin Hadelich, violino ",BEETHOVEN | Fidelio: Abertura
2014,março,25,Palácio das Artes,Vivace,"Augustin Hadelich, violino ",BARTÓK | Concerto para violino nº 2
2014,março,25,Palácio das Artes,Vivace,"Augustin Hadelich, violino ","VILLA-LOBOS | Erosão, “A origem do rio Amazonas”"
2014,março,25,Palácio das Artes,Vivace,"Augustin Hadelich, violino ","ENESCU | Rapsódia romena nº 1 em Lá maior, op. 11"
2014,março,13,Palácio das Artes,Allegro,"Fabio Mechetti, regente ","HAYDN | Sinfonia nº 100 em Sol maior, Hob. I: 100, “Militar”"
2014,março,13,Palácio das Artes,Allegro,"Fabio Mechetti, regente ","PROKOFIEV | Concerto para violino nº 1 em Ré maior, op. 19"
2014,março,13,Palácio das Artes,Allegro,"Fabio Mechetti, regente ",GUARNIERI | Concerto para cordas e percussão
2014,março,13,Palácio das Artes,Allegro,"Fabio Mechetti, regente ",RESPIGHI | La boutique fantasque: Suíte
2014,março,13,Palácio das Artes,Allegro,"Jennifer Frautschi, violino","HAYDN | Sinfonia nº 100 em Sol maior, Hob. I: 100, “Militar”"
2014,março,13,Palácio das Artes,Allegro,"Jennifer Frautschi, violino","PROKOFIEV | Concerto para violino nº 1 em Ré maior, op. 19"
2014,março,13,Palácio das Artes,Allegro,"Jennifer Frautschi, violino",GUARNIERI | Concerto para cordas e percussão
2014,março,13,Palácio das Artes,Allegro,"Jennifer Frautschi, violino",RESPIGHI | La boutique fantasque: Suíte
2014,março,9,Sesc Palladium,Concertos para a Juventude,"Marcos Arakaki, regente",CASTRO LOBO | Abertura em Ré
2014,março,9,Sesc Palladium,Concertos para a Juventude,"Marcos Arakaki, regente","J. S. BACH | Concerto de Brandenburgo nº 3 em Sol maior, BWV 1048"
2014,março,9,Sesc Palladium,Concertos para a Juventude,"Marcos Arakaki, regente",TELEMANN | Concerto para duas trompas em Mi bemol maior
2014,março,9,Sesc Palladium,Concertos para a Juventude,"Marcos Arakaki, regente",PURCELL | Abdelazer: Suíte
2014,março,9,Sesc Palladium,Concertos para a Juventude,"Marcos Arakaki, regente",HAENDEL | Música aquática: Suíte nº 2 em Ré maior
2014,março,9,Sesc Palladium,Concertos para a Juventude,"Alma Maria Liebrecht, trompa ",CASTRO LOBO | Abertura em Ré
2014,março,9,Sesc Palladium,Concertos para a Juventude,"Alma Maria Liebrecht, trompa ","J. S. BACH | Concerto de Brandenburgo nº 3 em Sol maior, BWV 1048"
2014,março,9,Sesc Palladium,Concertos para a Juventude,"Alma Maria Liebrecht, trompa ",TELEMANN | Concerto para duas trompas em Mi bemol maior
2014,março,9,Sesc Palladium,Concertos para a Juventude,"Alma Maria Liebrecht, trompa ",PURCELL | Abdelazer: Suíte
2014,março,9,Sesc Palladium,Concertos para a Juventude,"Alma Maria Liebrecht, trompa ",HAENDEL | Música aquática: Suíte nº 2 em Ré maior
2014,março,9,Sesc Palladium,Concertos para a Juventude,"Evgueni Gerassimov, trompa",CASTRO LOBO | Abertura em Ré
2014,março,9,Sesc Palladium,Concertos para a Juventude,"Evgueni Gerassimov, trompa","J. S. BACH | Concerto de Brandenburgo nº 3 em Sol maior, BWV 1048"
2014,março,9,Sesc Palladium,Concertos para a Juventude,"Evgueni Gerassimov, trompa",TELEMANN | Concerto para duas trompas em Mi bemol maior
2014,março,9,Sesc Palladium,Concertos para a Juventude,"Evgueni Gerassimov, trompa",PURCELL | Abdelazer: Suíte
2014,março,9,Sesc Palladium,Concertos para a Juventude,"Evgueni Gerassimov, trompa",HAENDEL | Música aquática: Suíte nº 2 em Ré maior
2014,fevereiro,25,Palácio das Artes,Vivace,"Marcos Arakaki, regente
Joyce Yang, piano",GUERRA-PEIXE | Museu da Inconfidência
2014,fevereiro,25,Palácio das Artes,Vivace,"Marcos Arakaki, regente
Joyce Yang, piano","MOZART | Concerto para piano nº 24 em dó menor, K. 491"
2014,fevereiro,25,Palácio das Artes,Vivace,"Marcos Arakaki, regente
Joyce Yang, piano","TCHAIKOVSKY | Sinfonia nº 5 em mi menor, op. 64"
