"ano","mes","dia","local","serie","artista","repertorio"
"2009","dezembro","17","Palácio das Artes","Allegro","Fabio Mechetti, regente","DEBUSSY | La mer"
"2009","dezembro","17","Palácio das Artes","Allegro","Fabio Mechetti, regente","ORFF | Carmina burana"
"2009","dezembro","17","Palácio das Artes","Allegro","Cláudia Azevedo, soprano
","DEBUSSY | La mer"
"2009","dezembro","17","Palácio das Artes","Allegro","Cláudia Azevedo, soprano
","ORFF | Carmina burana"
"2009","dezembro","17","Palácio das Artes","Allegro","Christopher Pfund, tenor
","DEBUSSY | La mer"
"2009","dezembro","17","Palácio das Artes","Allegro","Christopher Pfund, tenor
","ORFF | Carmina burana"
"2009","dezembro","17","Palácio das Artes","Allegro","Sebastião Teixeira, barítono","DEBUSSY | La mer"
"2009","dezembro","17","Palácio das Artes","Allegro","Sebastião Teixeira, barítono","ORFF | Carmina burana"
"2009","dezembro","17","Palácio das Artes","Allegro","Coral Lírico do Theatro Municipal de São Paulo
","DEBUSSY | La mer"
"2009","dezembro","17","Palácio das Artes","Allegro","Coral Lírico do Theatro Municipal de São Paulo
","ORFF | Carmina burana"
"2009","dezembro","17","Palácio das Artes","Allegro","Mário Zaccaro, regente do coral
","DEBUSSY | La mer"
"2009","dezembro","17","Palácio das Artes","Allegro","Mário Zaccaro, regente do coral
","ORFF | Carmina burana"
"2009","dezembro","17","Palácio das Artes","Allegro","Coral Lírico de Minas Gerais
Afrânio Lacerda, regente do coral
","DEBUSSY | La mer"
"2009","dezembro","17","Palácio das Artes","Allegro","Coral Lírico de Minas Gerais
Afrânio Lacerda, regente do coral
","ORFF | Carmina burana"
"2009","dezembro","17","Palácio das Artes","Allegro","Coral Infanto-Juvenil Palácio das Artes
Lara Tanaka, regente do coral","DEBUSSY | La mer"
"2009","dezembro","17","Palácio das Artes","Allegro","Coral Infanto-Juvenil Palácio das Artes
Lara Tanaka, regente do coral","ORFF | Carmina burana"
"2009","dezembro","6","Palácio das Artes","Concertos para a Juventude","Fabio Costa, regente","BEETHOVEN | Abertura Leonora nº 3"
"2009","dezembro","6","Palácio das Artes","Concertos para a Juventude","Fabio Costa, regente","SCHUBERT | Sinfonia nº 5 em Si bemol maior, D. 485"
"2009","dezembro","6","Palácio das Artes","Concertos para a Juventude","Fabio Costa, regente","STRAVINSKY | O pássaro de fogo: Suíte (1919)"
"2009","novembro","26 e 27","Brasília e Goiânia","Turnê Nacional","Fabio Mechetti, regente
","VILLA-LOBOS | Uirapuru"
"2009","novembro","26 e 27","Brasília e Goiânia","Turnê Nacional","Fabio Mechetti, regente
","LISZT | Concerto para piano nº 2 em Lá maior"
"2009","novembro","26 e 27","Brasília e Goiânia","Turnê Nacional","Fabio Mechetti, regente
","STRAVINSKY | O canto do rouxinol"
"2009","novembro","26 e 27","Brasília e Goiânia","Turnê Nacional","Fabio Mechetti, regente
","STRAVINSKY | O pássaro de fogo: Suíte (1919)"
"2009","novembro","26 e 27","Brasília e Goiânia","Turnê Nacional","Arnaldo Cohen, piano ","VILLA-LOBOS | Uirapuru"
"2009","novembro","26 e 27","Brasília e Goiânia","Turnê Nacional","Arnaldo Cohen, piano ","LISZT | Concerto para piano nº 2 em Lá maior"
"2009","novembro","26 e 27","Brasília e Goiânia","Turnê Nacional","Arnaldo Cohen, piano ","STRAVINSKY | O canto do rouxinol"
"2009","novembro","26 e 27","Brasília e Goiânia","Turnê Nacional","Arnaldo Cohen, piano ","STRAVINSKY | O pássaro de fogo: Suíte (1919)"
"2009","novembro","24","Palácio das Artes","Vivace","Fabio Mechetti, regente
","VILLA-LOBOS | Uirapuru"
"2009","novembro","24","Palácio das Artes","Vivace","Fabio Mechetti, regente
","LISZT | Concerto para piano nº 2 em Lá maior"
"2009","novembro","24","Palácio das Artes","Vivace","Fabio Mechetti, regente
","STRAVINSKY | O canto do rouxinol"
"2009","novembro","24","Palácio das Artes","Vivace","Fabio Mechetti, regente
","STRAVINSKY | O pássaro de fogo: Suíte (1919)"
"2009","novembro","24","Palácio das Artes","Vivace","Arnaldo Cohen, piano","VILLA-LOBOS | Uirapuru"
"2009","novembro","24","Palácio das Artes","Vivace","Arnaldo Cohen, piano","LISZT | Concerto para piano nº 2 em Lá maior"
"2009","novembro","24","Palácio das Artes","Vivace","Arnaldo Cohen, piano","STRAVINSKY | O canto do rouxinol"
"2009","novembro","24","Palácio das Artes","Vivace","Arnaldo Cohen, piano","STRAVINSKY | O pássaro de fogo: Suíte (1919)"
"2009","novembro","15","Palácio das Artes","Especial","Alexandra Arrieche, Marcelo Lehninger, ","BRAHMS | Sinfonia n° 2 em Ré maior, op. 73"
"2009","novembro","15","Palácio das Artes","Especial","Alexandra Arrieche, Marcelo Lehninger, ","LISLE | A Marselhesa"
"2009","novembro","15","Palácio das Artes","Especial","Alexandra Arrieche, Marcelo Lehninger, ","SILVA | Hino Nacional Brasileiro"
"2009","novembro","15","Palácio das Artes","Especial","Alexandra Arrieche, Marcelo Lehninger, ","DEBUSSY | Prelúdio para “A tarde de um fauno”"
"2009","novembro","15","Palácio das Artes","Especial","Alexandra Arrieche, Marcelo Lehninger, ","RAVEL | Tzigane"
"2009","novembro","15","Palácio das Artes","Especial","Alexandra Arrieche, Marcelo Lehninger, ","MASSENET | Thais: Meditação"
"2009","novembro","15","Palácio das Artes","Especial","Alexandra Arrieche, Marcelo Lehninger, ","IBERT | Escales"
"2009","novembro","15","Palácio das Artes","Especial","Masayuki Carvalho e Neylson Batista, regentes","BRAHMS | Sinfonia n° 2 em Ré maior, op. 73"
"2009","novembro","15","Palácio das Artes","Especial","Masayuki Carvalho e Neylson Batista, regentes","LISLE | A Marselhesa"
"2009","novembro","15","Palácio das Artes","Especial","Masayuki Carvalho e Neylson Batista, regentes","SILVA | Hino Nacional Brasileiro"
"2009","novembro","15","Palácio das Artes","Especial","Masayuki Carvalho e Neylson Batista, regentes","DEBUSSY | Prelúdio para “A tarde de um fauno”"
"2009","novembro","15","Palácio das Artes","Especial","Masayuki Carvalho e Neylson Batista, regentes","RAVEL | Tzigane"
"2009","novembro","15","Palácio das Artes","Especial","Masayuki Carvalho e Neylson Batista, regentes","MASSENET | Thais: Meditação"
"2009","novembro","15","Palácio das Artes","Especial","Masayuki Carvalho e Neylson Batista, regentes","IBERT | Escales"
"2009","novembro","15","Palácio das Artes","Especial","Fabio Mechetti, regente
","BRAHMS | Sinfonia n° 2 em Ré maior, op. 73"
"2009","novembro","15","Palácio das Artes","Especial","Fabio Mechetti, regente
","LISLE | A Marselhesa"
"2009","novembro","15","Palácio das Artes","Especial","Fabio Mechetti, regente
","SILVA | Hino Nacional Brasileiro"
"2009","novembro","15","Palácio das Artes","Especial","Fabio Mechetti, regente
","DEBUSSY | Prelúdio para “A tarde de um fauno”"
"2009","novembro","15","Palácio das Artes","Especial","Fabio Mechetti, regente
","RAVEL | Tzigane"
"2009","novembro","15","Palácio das Artes","Especial","Fabio Mechetti, regente
","MASSENET | Thais: Meditação"
"2009","novembro","15","Palácio das Artes","Especial","Fabio Mechetti, regente
","IBERT | Escales"
"2009","novembro","15","Palácio das Artes","Especial","Virginie Robilliard, violino","BRAHMS | Sinfonia n° 2 em Ré maior, op. 73"
"2009","novembro","15","Palácio das Artes","Especial","Virginie Robilliard, violino","LISLE | A Marselhesa"
"2009","novembro","15","Palácio das Artes","Especial","Virginie Robilliard, violino","SILVA | Hino Nacional Brasileiro"
"2009","novembro","15","Palácio das Artes","Especial","Virginie Robilliard, violino","DEBUSSY | Prelúdio para “A tarde de um fauno”"
"2009","novembro","15","Palácio das Artes","Especial","Virginie Robilliard, violino","RAVEL | Tzigane"
"2009","novembro","15","Palácio das Artes","Especial","Virginie Robilliard, violino","MASSENET | Thais: Meditação"
"2009","novembro","15","Palácio das Artes","Especial","Virginie Robilliard, violino","IBERT | Escales"
"2009","novembro","4 e 5","Instituto de Educação de Minas Gerais","Concertos Didáticos","Fabio Costa, regente","STRAVINSKY | Circus Polka"
"2009","novembro","4 e 5","Instituto de Educação de Minas Gerais","Concertos Didáticos","Fabio Costa, regente","SMETANA | A noiva vendida: Dança dos comediantes"
"2009","novembro","4 e 5","Instituto de Educação de Minas Gerais","Concertos Didáticos","Fabio Costa, regente","KABALEVSKY | Os comediantes, op. 26: Suíte"
"2009","novembro","4 e 5","Instituto de Educação de Minas Gerais","Concertos Didáticos","Fabio Costa, regente","J. WILLIAMS | Guerra nas Estrelas: Suíte"
"2009","novembro","4 e 5","Instituto de Educação de Minas Gerais","Concertos Didáticos","Fabio Costa, regente","J. WILLIAMS | E.T."
"2009","outubro","29","Palácio das Artes","Allegro","Fabio Mechetti, regente
","R. NASSIF | véus sobre cores"
"2009","outubro","29","Palácio das Artes","Allegro","Fabio Mechetti, regente
","R. NASSIF | outras cores, novos véus (encomenda | estreia mundial)"
"2009","outubro","29","Palácio das Artes","Allegro","Fabio Mechetti, regente
","MOZART | Concerto para piano nº 21 em Dó maior"
"2009","outubro","29","Palácio das Artes","Allegro","Fabio Mechetti, regente
","MUSSORGSKY/Ravel | Quadros de uma exposição"
"2009","outubro","29","Palácio das Artes","Allegro","Flávio Varani, piano","R. NASSIF | véus sobre cores"
"2009","outubro","29","Palácio das Artes","Allegro","Flávio Varani, piano","R. NASSIF | outras cores, novos véus (encomenda | estreia mundial)"
"2009","outubro","29","Palácio das Artes","Allegro","Flávio Varani, piano","MOZART | Concerto para piano nº 21 em Dó maior"
"2009","outubro","29","Palácio das Artes","Allegro","Flávio Varani, piano","MUSSORGSKY/Ravel | Quadros de uma exposição"
"2009","outubro","22 e 24","CONFERIR","Temporada de Ópera da Fundação Clóvis Salgado","Abel Rocha, regente convidado","SCHOENBERG | Erwartung"
"2009","outubro","22 e 24","CONFERIR","Temporada de Ópera da Fundação Clóvis Salgado","Gilberto Gavronski, diretor de cena","SCHOENBERG | Erwartung"
"2009","outubro","22 e 24","CONFERIR","Temporada de Ópera da Fundação Clóvis Salgado","Eliane Coelho, soprano","SCHOENBERG | Erwartung"
"2009","outubro","3 e 4","Contagem e Belo Horizonte","Clássicos na Praça","Fabio Costa, regente
Thiago Carvalho, narrador"," Guia orquestral para jovens, op. 34"
"2009","outubro","3 e 4","Contagem e Belo Horizonte","Clássicos na Praça","Fabio Costa, regente
Thiago Carvalho, narrador",""
"2009","outubro","3 e 4","Contagem e Belo Horizonte","Clássicos na Praça","Fabio Costa, regente
Thiago Carvalho, narrador","BIZET | Carmem: Prelúdio"
"2009","outubro","3 e 4","Contagem e Belo Horizonte","Clássicos na Praça","Fabio Costa, regente
Thiago Carvalho, narrador","BRITTEN | Guia orquestral para jovens, op. 34"
"2009","outubro","3 e 4","Contagem e Belo Horizonte","Clássicos na Praça","Fabio Costa, regente
Thiago Carvalho, narrador","J. WILLIAMS | E.T."
"2009","outubro","3 e 4","Contagem e Belo Horizonte","Clássicos na Praça","Fabio Costa, regente
Thiago Carvalho, narrador","J. WILLIAMS | Os caçadores da arca perdida: Marcha"
"2009","outubro","3 e 4","Contagem e Belo Horizonte","Clássicos na Praça","Fabio Costa, regente
Thiago Carvalho, narrador","KABALEVSKY | Os comediantes, op. 26: Suíte"
"2009","outubro","3 e 4","Contagem e Belo Horizonte","Clássicos na Praça","Fabio Costa, regente
Thiago Carvalho, narrador","J. WILLIAMS | Guerra nas Estrelas: Suíte"
"2009","setembro","28","Palácio das Artes","Vivace","Isaac Karabtchevsky, regente convidado
","BEETHOVEN | Abertura Leonora nº 3, op. 72b"
"2009","setembro","28","Palácio das Artes","Vivace","Isaac Karabtchevsky, regente convidado
","VILLA-LOBOS | Concerto para violão e orquestra"
"2009","setembro","28","Palácio das Artes","Vivace","Isaac Karabtchevsky, regente convidado
","BARTÓK | Concerto para orquestra"
"2009","setembro","28","Palácio das Artes","Vivace","Fabio Zanon, violão","BEETHOVEN | Abertura Leonora nº 3, op. 72b"
"2009","setembro","28","Palácio das Artes","Vivace","Fabio Zanon, violão","VILLA-LOBOS | Concerto para violão e orquestra"
"2009","setembro","28","Palácio das Artes","Vivace","Fabio Zanon, violão","BARTÓK | Concerto para orquestra"
"2009","setembro","20","Betim","Turnê Estadual","Fabio Costa, regente","BIZET | Carmem: Prelúdio"
"2009","setembro","20","Betim","Turnê Estadual","Fabio Costa, regente","BRITTEN | Guia orquestral para jovens, op. 34"
"2009","setembro","20","Betim","Turnê Estadual","Fabio Costa, regente","TCHAIKOVSKY | Romeu e Julieta"
"2009","setembro","20","Betim","Turnê Estadual","Fabio Costa, regente","J. WILLIAMS | Os caçadores da arca perdida: Marcha"
"2009","setembro","20","Betim","Turnê Estadual","Fabio Costa, regente","J. WILLIAMS | Guerra nas Estrelas: Suíte"
"2009","setembro","13","Instituto de Educação de Minas Gerais","Concertos para a Juventude","Fabio Costa, regente
Lucas Barros, violoncelo","WEBER | Oberon: Abertura"
"2009","setembro","13","Instituto de Educação de Minas Gerais","Concertos para a Juventude","Fabio Costa, regente
Lucas Barros, violoncelo","SAINT-SAËNS | Concerto para violoncelo nº 1 em lá menor, op. 33"
"2009","setembro","13","Instituto de Educação de Minas Gerais","Concertos para a Juventude","Fabio Costa, regente
Lucas Barros, violoncelo","GRIEG | Peer Gynt: Suítes nº 1 e nº 2 (trechos selecionados)"
"2009","setembro","9 e 10","Instituto de Educação de Minas Gerais","Concertos Didáticos","Fabio Costa, regente","BIZET | Carmem: Suítes nº 1 e nº 2"
"2009","setembro","9 e 10","Instituto de Educação de Minas Gerais","Concertos Didáticos","Fabio Costa, regente","BRITTEN | Guia orquestral para jovens, op. 34"
"2009","setembro","9 e 10","Instituto de Educação de Minas Gerais","Concertos Didáticos","Fabio Costa, regente","GRIEG | Peer Gynt: Suítes nº 1 e nº 2 (trechos selecionados)"
"2009","setembro","9 e 10","Instituto de Educação de Minas Gerais","Concertos Didáticos","Fabio Costa, regente","J. WILLIAMS | Os caçadores da arca perdida: Marcha"
"2009","setembro","5 e 6","CONFERIR","Turnê Nacional","Fabio Mechetti, regente
","WEBER | Oberon: Abertura"
"2009","setembro","5 e 6","CONFERIR","Turnê Nacional","Fabio Mechetti, regente
","SCHUBERT | Sinfonia nº 5 em Si bemol maior, D. 485"
"2009","setembro","5 e 6","CONFERIR","Turnê Nacional","Fabio Mechetti, regente
","BERNSTEIN | West Side Story: Danças Sinfônicas"
"2009","setembro","5 e 6","CONFERIR","Turnê Nacional","Fabio Mechetti, regente
","WEBER | Oberon: Abertura"
"2009","setembro","5 e 6","CONFERIR","Turnê Nacional","Fabio Mechetti, regente
","SCHUBERT | Sinfonia nº 5 em Si bemol maior, D. 485"
"2009","setembro","5 e 6","CONFERIR","Turnê Nacional","Fabio Mechetti, regente
","R. STRAUSS | Don Quixote, op. 35"
"2009","setembro","5 e 6","CONFERIR","Turnê Nacional","Antonio Meneses, violoncelo","WEBER | Oberon: Abertura"
"2009","setembro","5 e 6","CONFERIR","Turnê Nacional","Antonio Meneses, violoncelo","SCHUBERT | Sinfonia nº 5 em Si bemol maior, D. 485"
"2009","setembro","5 e 6","CONFERIR","Turnê Nacional","Antonio Meneses, violoncelo","BERNSTEIN | West Side Story: Danças Sinfônicas"
"2009","setembro","5 e 6","CONFERIR","Turnê Nacional","Antonio Meneses, violoncelo","WEBER | Oberon: Abertura"
"2009","setembro","5 e 6","CONFERIR","Turnê Nacional","Antonio Meneses, violoncelo","SCHUBERT | Sinfonia nº 5 em Si bemol maior, D. 485"
"2009","setembro","5 e 6","CONFERIR","Turnê Nacional","Antonio Meneses, violoncelo","R. STRAUSS | Don Quixote, op. 35"
"2009","setembro","5 e 6","CONFERIR","Turnê Nacional","Fabio Mechetti, regente","WEBER | Oberon: Abertura"
"2009","setembro","5 e 6","CONFERIR","Turnê Nacional","Fabio Mechetti, regente","SCHUBERT | Sinfonia nº 5 em Si bemol maior, D. 485"
"2009","setembro","5 e 6","CONFERIR","Turnê Nacional","Fabio Mechetti, regente","BERNSTEIN | West Side Story: Danças Sinfônicas"
"2009","setembro","5 e 6","CONFERIR","Turnê Nacional","Fabio Mechetti, regente","WEBER | Oberon: Abertura"
"2009","setembro","5 e 6","CONFERIR","Turnê Nacional","Fabio Mechetti, regente","SCHUBERT | Sinfonia nº 5 em Si bemol maior, D. 485"
"2009","setembro","5 e 6","CONFERIR","Turnê Nacional","Fabio Mechetti, regente","R. STRAUSS | Don Quixote, op. 35"
"2009","setembro","5 e 6","CONFERIR","Turnê Nacional"," ","WEBER | Oberon: Abertura"
"2009","setembro","5 e 6","CONFERIR","Turnê Nacional"," ","SCHUBERT | Sinfonia nº 5 em Si bemol maior, D. 485"
"2009","setembro","5 e 6","CONFERIR","Turnê Nacional"," ","BERNSTEIN | West Side Story: Danças Sinfônicas"
"2009","setembro","5 e 6","CONFERIR","Turnê Nacional"," ","WEBER | Oberon: Abertura"
"2009","setembro","5 e 6","CONFERIR","Turnê Nacional"," ","SCHUBERT | Sinfonia nº 5 em Si bemol maior, D. 485"
"2009","setembro","5 e 6","CONFERIR","Turnê Nacional"," ","R. STRAUSS | Don Quixote, op. 35"
"2009","setembro","3","Palácio das Artes","Allegro","Fabio Mechetti, regente
","WEBER | Oberon: Abertura"
"2009","setembro","3","Palácio das Artes","Allegro","Fabio Mechetti, regente
","SCHUBERT | Sinfonia nº 5 em Si bemol maior, D. 485"
"2009","setembro","3","Palácio das Artes","Allegro","Fabio Mechetti, regente
","R. STRAUSS | Don Quixote, op. 35"
"2009","setembro","3","Palácio das Artes","Allegro","Antonio Meneses, violoncelo","WEBER | Oberon: Abertura"
"2009","setembro","3","Palácio das Artes","Allegro","Antonio Meneses, violoncelo","SCHUBERT | Sinfonia nº 5 em Si bemol maior, D. 485"
"2009","setembro","3","Palácio das Artes","Allegro","Antonio Meneses, violoncelo","R. STRAUSS | Don Quixote, op. 35"
"2009","agosto","23","Instituto de Educação de Minas Gerais","Concertos para a Juventude","Fabio Costa, regente
","MOZART | Don Giovanni: Abertura"
"2009","agosto","23","Instituto de Educação de Minas Gerais","Concertos para a Juventude","Fabio Costa, regente
","LISZT | Concerto para piano nº 1 em Mi bemol maior"
"2009","agosto","23","Instituto de Educação de Minas Gerais","Concertos para a Juventude","Fabio Costa, regente
","BIZET | Carmem: Suítes nº 1 e 2"
"2009","agosto","23","Instituto de Educação de Minas Gerais","Concertos para a Juventude","Josias Matschulat, piano","MOZART | Don Giovanni: Abertura"
"2009","agosto","23","Instituto de Educação de Minas Gerais","Concertos para a Juventude","Josias Matschulat, piano","LISZT | Concerto para piano nº 1 em Mi bemol maior"
"2009","agosto","23","Instituto de Educação de Minas Gerais","Concertos para a Juventude","Josias Matschulat, piano","BIZET | Carmem: Suítes nº 1 e 2"
"2009","agosto","18","Palácio das Artes","Vivace","Fabio Mechetti, regente
","BERNSTEIN | Candide: Abertura"
"2009","agosto","18","Palácio das Artes","Vivace","Fabio Mechetti, regente
","VILLA-LOBOS | Bachianas Brasileiras nº 3"
"2009","agosto","18","Palácio das Artes","Vivace","Fabio Mechetti, regente
","VILLA-LOBOS | Choros nº 6"
"2009","agosto","18","Palácio das Artes","Vivace","Fabio Mechetti, regente
","BERNSTEIN | West Side Story: Danças Sinfônicas"
"2009","agosto","18","Palácio das Artes","Vivace","Cristina Ortiz, piano","BERNSTEIN | Candide: Abertura"
"2009","agosto","18","Palácio das Artes","Vivace","Cristina Ortiz, piano","VILLA-LOBOS | Bachianas Brasileiras nº 3"
"2009","agosto","18","Palácio das Artes","Vivace","Cristina Ortiz, piano","VILLA-LOBOS | Choros nº 6"
"2009","agosto","18","Palácio das Artes","Vivace","Cristina Ortiz, piano","BERNSTEIN | West Side Story: Danças Sinfônicas"
"2009","agosto","7 e 8","Caxambu e São Lourenço","Turnê Estadual","Fabio Costa, regente","GOMES | O Guarani: Protofonia"
"2009","agosto","7 e 8","Caxambu e São Lourenço","Turnê Estadual","Fabio Costa, regente","ELGAR | Pompa e Circunstância, op. 39: Marchas 1 e 4"
"2009","agosto","7 e 8","Caxambu e São Lourenço","Turnê Estadual","Fabio Costa, regente","MENDELSSOHN | Sonho de uma Noite de Verão: Marcha Nupcial"
"2009","agosto","7 e 8","Caxambu e São Lourenço","Turnê Estadual","Fabio Costa, regente","J. STRAUSS JR. | Trovão e Relâmpago, polca, op. 324"
"2009","agosto","7 e 8","Caxambu e São Lourenço","Turnê Estadual","Fabio Costa, regente","J. STRAUSS JR. | Pizzicato-Polka"
"2009","agosto","7 e 8","Caxambu e São Lourenço","Turnê Estadual","Fabio Costa, regente","DVORÁK | Danças Eslavas, op. 46, nº 1 e nº 8 – Danças Eslavas, op. 72, nº 2"
"2009","agosto","7 e 8","Caxambu e São Lourenço","Turnê Estadual","Fabio Costa, regente","TCHAIKOVSKY | Sinfonia nº 4 em fá menor, op. 36: Finale: Allegro con fuoco"
"2009","agosto","2","Parque Lagoa do Nado","Clássicos na Praça","Fabio Costa, regente","GOMES | O Guarani: Protofonia"
"2009","agosto","2","Parque Lagoa do Nado","Clássicos na Praça","Fabio Costa, regente","ELGAR | Pompa e Circunstância, op. 39: Marchas 1 e 4"
"2009","agosto","2","Parque Lagoa do Nado","Clássicos na Praça","Fabio Costa, regente","MENDELSSOHN | Sonho de uma Noite de Verão: Marcha Nupcial"
"2009","agosto","2","Parque Lagoa do Nado","Clássicos na Praça","Fabio Costa, regente","J. STRAUSS JR. | Trovão e Relâmpago, polca, op. 324"
"2009","agosto","2","Parque Lagoa do Nado","Clássicos na Praça","Fabio Costa, regente","J. STRAUSS JR. | Pizzicato-Polka"
"2009","agosto","2","Parque Lagoa do Nado","Clássicos na Praça","Fabio Costa, regente","DVORÁK | Danças Eslavas, op. 46, nº 1 e nº 8 – Danças Eslavas, op. 72, nº 2"
"2009","agosto","2","Parque Lagoa do Nado","Clássicos na Praça","Fabio Costa, regente","TCHAIKOVSKY | Sinfonia nº 4 em fá menor, op. 36: Finale: Allegro con fuoco"
"2009","julho","30","Palácio das Artes","Allegro","Fabio Mechetti, regente
","KRIEGER | Ludus Symphonicus"
"2009","julho","30","Palácio das Artes","Allegro","Fabio Mechetti, regente
","SAINT-SAËNS | Concerto para violino nº 3 em si menor, op. 61"
"2009","julho","30","Palácio das Artes","Allegro","Fabio Mechetti, regente
","TCHAIKOVSKY | Sinfonia nº 4 em fá menor, op. 36"
"2009","julho","30","Palácio das Artes","Allegro","Elmar Oliveira, violino","KRIEGER | Ludus Symphonicus"
"2009","julho","30","Palácio das Artes","Allegro","Elmar Oliveira, violino","SAINT-SAËNS | Concerto para violino nº 3 em si menor, op. 61"
"2009","julho","30","Palácio das Artes","Allegro","Elmar Oliveira, violino","TCHAIKOVSKY | Sinfonia nº 4 em fá menor, op. 36"
"2009","julho","21","Palácio das Artes","Vivace","Fabio Mechetti, regente
","RACHMANINOV | Concerto para piano nº 4 em sol menor, op. 40 (1941)"
"2009","julho","21","Palácio das Artes","Vivace","Fabio Mechetti, regente
","VILLA-LOBOS | Floresta do Amazonas"
"2009","julho","21","Palácio das Artes","Vivace","Benedetto Lupo, piano
","RACHMANINOV | Concerto para piano nº 4 em sol menor, op. 40 (1941)"
"2009","julho","21","Palácio das Artes","Vivace","Benedetto Lupo, piano
","VILLA-LOBOS | Floresta do Amazonas"
"2009","julho","21","Palácio das Artes","Vivace","Edna D’Oliveira, soprano
","RACHMANINOV | Concerto para piano nº 4 em sol menor, op. 40 (1941)"
"2009","julho","21","Palácio das Artes","Vivace","Edna D’Oliveira, soprano
","VILLA-LOBOS | Floresta do Amazonas"
"2009","julho","21","Palácio das Artes","Vivace","Coral Lírico de Minas Gerais, coral masculino","RACHMANINOV | Concerto para piano nº 4 em sol menor, op. 40 (1941)"
"2009","julho","21","Palácio das Artes","Vivace","Coral Lírico de Minas Gerais, coral masculino","VILLA-LOBOS | Floresta do Amazonas"
"2009","julho","11","Festival Campos do Jordão","Festival de Campos de Jordão","Fabio Mechetti, regente
","DUTILLEUX | Métaboles"
"2009","julho","11","Festival Campos do Jordão","Festival de Campos de Jordão","Fabio Mechetti, regente
","IBERT | Escales"
"2009","julho","11","Festival Campos do Jordão","Festival de Campos de Jordão","Fabio Mechetti, regente
","BEETHOVEN | Concerto para violino em Ré maior, op. 61"
"2009","julho","11","Festival Campos do Jordão","Festival de Campos de Jordão","Shlomo Mintz, violino","DUTILLEUX | Métaboles"
"2009","julho","11","Festival Campos do Jordão","Festival de Campos de Jordão","Shlomo Mintz, violino","IBERT | Escales"
"2009","julho","11","Festival Campos do Jordão","Festival de Campos de Jordão","Shlomo Mintz, violino","BEETHOVEN | Concerto para violino em Ré maior, op. 61"
"2009","julho","9","Palácio das Artes","Allegro","Fabio Mechetti, regente
","DUTILLEUX | Métaboles"
"2009","julho","9","Palácio das Artes","Allegro","Fabio Mechetti, regente
","IBERT | Escales"
"2009","julho","9","Palácio das Artes","Allegro","Fabio Mechetti, regente
","BEETHOVEN | Concerto para violino em Ré maior, op. 61"
"2009","julho","9","Palácio das Artes","Allegro","Shlomo Mintz, violino","DUTILLEUX | Métaboles"
"2009","julho","9","Palácio das Artes","Allegro","Shlomo Mintz, violino","IBERT | Escales"
"2009","julho","9","Palácio das Artes","Allegro","Shlomo Mintz, violino","BEETHOVEN | Concerto para violino em Ré maior, op. 61"
"2009","junho","25 e 27","CONFERIR","Temporada de Ópera da Fundação Clóvis Salgado","Fabio Mechetti, regente","Eduardo Sant’anna, barítono – Médico e Sicário"
"2009","junho","25 e 27","CONFERIR","Temporada de Ópera da Fundação Clóvis Salgado","Fabio Mechetti, regente","Jason Stearns, barítono – Macbeth"
"2009","junho","25 e 27","CONFERIR","Temporada de Ópera da Fundação Clóvis Salgado","Fabio Mechetti, regente","Octávio Arevalo, tenor – Macduff"
"2009","junho","25 e 27","CONFERIR","Temporada de Ópera da Fundação Clóvis Salgado","Fabio Mechetti, regente","VERDI | Macbeth"
"2009","junho","25 e 27","CONFERIR","Temporada de Ópera da Fundação Clóvis Salgado","Fabio Mechetti, regente"," Edneia Oliveira, mezzo-soprano – Dama"
"2009","junho","25 e 27","CONFERIR","Temporada de Ópera da Fundação Clóvis Salgado","Fabio Mechetti, regente","Cynthia Lawrence, soprano – Lady Macbeth"
"2009","junho","25 e 27","CONFERIR","Temporada de Ópera da Fundação Clóvis Salgado","Fabio Mechetti, regente","Luiz Molz, baixo – Banquo"
"2009","junho","25 e 27","CONFERIR","Temporada de Ópera da Fundação Clóvis Salgado","Fabio Mechetti, regente"," Mauro Chantal, baixo – Doméstico"
"2009","junho","25 e 27","CONFERIR","Temporada de Ópera da Fundação Clóvis Salgado","Fabio Mechetti, regente",""
"2009","junho","25 e 27","CONFERIR","Temporada de Ópera da Fundação Clóvis Salgado","Fabio Mechetti, regente","Fernando Chalabe, tenor – Malcolm"
"2009","junho","25 e 27","CONFERIR","Temporada de Ópera da Fundação Clóvis Salgado","Cleber Papa, diretor de cena","Eduardo Sant’anna, barítono – Médico e Sicário"
"2009","junho","25 e 27","CONFERIR","Temporada de Ópera da Fundação Clóvis Salgado","Cleber Papa, diretor de cena","Jason Stearns, barítono – Macbeth"
"2009","junho","25 e 27","CONFERIR","Temporada de Ópera da Fundação Clóvis Salgado","Cleber Papa, diretor de cena","Octávio Arevalo, tenor – Macduff"
"2009","junho","25 e 27","CONFERIR","Temporada de Ópera da Fundação Clóvis Salgado","Cleber Papa, diretor de cena","VERDI | Macbeth"
"2009","junho","25 e 27","CONFERIR","Temporada de Ópera da Fundação Clóvis Salgado","Cleber Papa, diretor de cena"," Edneia Oliveira, mezzo-soprano – Dama"
"2009","junho","25 e 27","CONFERIR","Temporada de Ópera da Fundação Clóvis Salgado","Cleber Papa, diretor de cena","Cynthia Lawrence, soprano – Lady Macbeth"
"2009","junho","25 e 27","CONFERIR","Temporada de Ópera da Fundação Clóvis Salgado","Cleber Papa, diretor de cena","Luiz Molz, baixo – Banquo"
"2009","junho","25 e 27","CONFERIR","Temporada de Ópera da Fundação Clóvis Salgado","Cleber Papa, diretor de cena"," Mauro Chantal, baixo – Doméstico"
"2009","junho","25 e 27","CONFERIR","Temporada de Ópera da Fundação Clóvis Salgado","Cleber Papa, diretor de cena",""
"2009","junho","25 e 27","CONFERIR","Temporada de Ópera da Fundação Clóvis Salgado","Cleber Papa, diretor de cena","Fernando Chalabe, tenor – Malcolm"
"2009","junho","25 e 27","CONFERIR","Temporada de Ópera da Fundação Clóvis Salgado","Jason Stearns, barítono – Macbeth","Eduardo Sant’anna, barítono – Médico e Sicário"
"2009","junho","25 e 27","CONFERIR","Temporada de Ópera da Fundação Clóvis Salgado","Jason Stearns, barítono – Macbeth","Jason Stearns, barítono – Macbeth"
"2009","junho","25 e 27","CONFERIR","Temporada de Ópera da Fundação Clóvis Salgado","Jason Stearns, barítono – Macbeth","Octávio Arevalo, tenor – Macduff"
"2009","junho","25 e 27","CONFERIR","Temporada de Ópera da Fundação Clóvis Salgado","Jason Stearns, barítono – Macbeth","VERDI | Macbeth"
"2009","junho","25 e 27","CONFERIR","Temporada de Ópera da Fundação Clóvis Salgado","Jason Stearns, barítono – Macbeth"," Edneia Oliveira, mezzo-soprano – Dama"
"2009","junho","25 e 27","CONFERIR","Temporada de Ópera da Fundação Clóvis Salgado","Jason Stearns, barítono – Macbeth","Cynthia Lawrence, soprano – Lady Macbeth"
"2009","junho","25 e 27","CONFERIR","Temporada de Ópera da Fundação Clóvis Salgado","Jason Stearns, barítono – Macbeth","Luiz Molz, baixo – Banquo"
"2009","junho","25 e 27","CONFERIR","Temporada de Ópera da Fundação Clóvis Salgado","Jason Stearns, barítono – Macbeth"," Mauro Chantal, baixo – Doméstico"
"2009","junho","25 e 27","CONFERIR","Temporada de Ópera da Fundação Clóvis Salgado","Jason Stearns, barítono – Macbeth",""
"2009","junho","25 e 27","CONFERIR","Temporada de Ópera da Fundação Clóvis Salgado","Jason Stearns, barítono – Macbeth","Fernando Chalabe, tenor – Malcolm"
"2009","junho","25 e 27","CONFERIR","Temporada de Ópera da Fundação Clóvis Salgado","Cynthia Lawrence, soprano – Lady Macbeth","Eduardo Sant’anna, barítono – Médico e Sicário"
"2009","junho","25 e 27","CONFERIR","Temporada de Ópera da Fundação Clóvis Salgado","Cynthia Lawrence, soprano – Lady Macbeth","Jason Stearns, barítono – Macbeth"
"2009","junho","25 e 27","CONFERIR","Temporada de Ópera da Fundação Clóvis Salgado","Cynthia Lawrence, soprano – Lady Macbeth","Octávio Arevalo, tenor – Macduff"
"2009","junho","25 e 27","CONFERIR","Temporada de Ópera da Fundação Clóvis Salgado","Cynthia Lawrence, soprano – Lady Macbeth","VERDI | Macbeth"
"2009","junho","25 e 27","CONFERIR","Temporada de Ópera da Fundação Clóvis Salgado","Cynthia Lawrence, soprano – Lady Macbeth"," Edneia Oliveira, mezzo-soprano – Dama"
"2009","junho","25 e 27","CONFERIR","Temporada de Ópera da Fundação Clóvis Salgado","Cynthia Lawrence, soprano – Lady Macbeth","Cynthia Lawrence, soprano – Lady Macbeth"
"2009","junho","25 e 27","CONFERIR","Temporada de Ópera da Fundação Clóvis Salgado","Cynthia Lawrence, soprano – Lady Macbeth","Luiz Molz, baixo – Banquo"
"2009","junho","25 e 27","CONFERIR","Temporada de Ópera da Fundação Clóvis Salgado","Cynthia Lawrence, soprano – Lady Macbeth"," Mauro Chantal, baixo – Doméstico"
"2009","junho","25 e 27","CONFERIR","Temporada de Ópera da Fundação Clóvis Salgado","Cynthia Lawrence, soprano – Lady Macbeth",""
"2009","junho","25 e 27","CONFERIR","Temporada de Ópera da Fundação Clóvis Salgado","Cynthia Lawrence, soprano – Lady Macbeth","Fernando Chalabe, tenor – Malcolm"
"2009","junho","25 e 27","CONFERIR","Temporada de Ópera da Fundação Clóvis Salgado","Luiz Molz, baixo – Banquo","Eduardo Sant’anna, barítono – Médico e Sicário"
"2009","junho","25 e 27","CONFERIR","Temporada de Ópera da Fundação Clóvis Salgado","Luiz Molz, baixo – Banquo","Jason Stearns, barítono – Macbeth"
"2009","junho","25 e 27","CONFERIR","Temporada de Ópera da Fundação Clóvis Salgado","Luiz Molz, baixo – Banquo","Octávio Arevalo, tenor – Macduff"
"2009","junho","25 e 27","CONFERIR","Temporada de Ópera da Fundação Clóvis Salgado","Luiz Molz, baixo – Banquo","VERDI | Macbeth"
"2009","junho","25 e 27","CONFERIR","Temporada de Ópera da Fundação Clóvis Salgado","Luiz Molz, baixo – Banquo"," Edneia Oliveira, mezzo-soprano – Dama"
"2009","junho","25 e 27","CONFERIR","Temporada de Ópera da Fundação Clóvis Salgado","Luiz Molz, baixo – Banquo","Cynthia Lawrence, soprano – Lady Macbeth"
"2009","junho","25 e 27","CONFERIR","Temporada de Ópera da Fundação Clóvis Salgado","Luiz Molz, baixo – Banquo","Luiz Molz, baixo – Banquo"
"2009","junho","25 e 27","CONFERIR","Temporada de Ópera da Fundação Clóvis Salgado","Luiz Molz, baixo – Banquo"," Mauro Chantal, baixo – Doméstico"
"2009","junho","25 e 27","CONFERIR","Temporada de Ópera da Fundação Clóvis Salgado","Luiz Molz, baixo – Banquo",""
"2009","junho","25 e 27","CONFERIR","Temporada de Ópera da Fundação Clóvis Salgado","Luiz Molz, baixo – Banquo","Fernando Chalabe, tenor – Malcolm"
"2009","junho","25 e 27","CONFERIR","Temporada de Ópera da Fundação Clóvis Salgado","Octávio Arevalo, tenor – Macduff","Eduardo Sant’anna, barítono – Médico e Sicário"
"2009","junho","25 e 27","CONFERIR","Temporada de Ópera da Fundação Clóvis Salgado","Octávio Arevalo, tenor – Macduff","Jason Stearns, barítono – Macbeth"
"2009","junho","25 e 27","CONFERIR","Temporada de Ópera da Fundação Clóvis Salgado","Octávio Arevalo, tenor – Macduff","Octávio Arevalo, tenor – Macduff"
"2009","junho","25 e 27","CONFERIR","Temporada de Ópera da Fundação Clóvis Salgado","Octávio Arevalo, tenor – Macduff","VERDI | Macbeth"
"2009","junho","25 e 27","CONFERIR","Temporada de Ópera da Fundação Clóvis Salgado","Octávio Arevalo, tenor – Macduff"," Edneia Oliveira, mezzo-soprano – Dama"
"2009","junho","25 e 27","CONFERIR","Temporada de Ópera da Fundação Clóvis Salgado","Octávio Arevalo, tenor – Macduff","Cynthia Lawrence, soprano – Lady Macbeth"
"2009","junho","25 e 27","CONFERIR","Temporada de Ópera da Fundação Clóvis Salgado","Octávio Arevalo, tenor – Macduff","Luiz Molz, baixo – Banquo"
"2009","junho","25 e 27","CONFERIR","Temporada de Ópera da Fundação Clóvis Salgado","Octávio Arevalo, tenor – Macduff"," Mauro Chantal, baixo – Doméstico"
"2009","junho","25 e 27","CONFERIR","Temporada de Ópera da Fundação Clóvis Salgado","Octávio Arevalo, tenor – Macduff",""
"2009","junho","25 e 27","CONFERIR","Temporada de Ópera da Fundação Clóvis Salgado","Octávio Arevalo, tenor – Macduff","Fernando Chalabe, tenor – Malcolm"
"2009","junho","25 e 27","CONFERIR","Temporada de Ópera da Fundação Clóvis Salgado"," Edneia Oliveira, mezzo-soprano – Dama","Eduardo Sant’anna, barítono – Médico e Sicário"
"2009","junho","25 e 27","CONFERIR","Temporada de Ópera da Fundação Clóvis Salgado"," Edneia Oliveira, mezzo-soprano – Dama","Jason Stearns, barítono – Macbeth"
"2009","junho","25 e 27","CONFERIR","Temporada de Ópera da Fundação Clóvis Salgado"," Edneia Oliveira, mezzo-soprano – Dama","Octávio Arevalo, tenor – Macduff"
"2009","junho","25 e 27","CONFERIR","Temporada de Ópera da Fundação Clóvis Salgado"," Edneia Oliveira, mezzo-soprano – Dama","VERDI | Macbeth"
"2009","junho","25 e 27","CONFERIR","Temporada de Ópera da Fundação Clóvis Salgado"," Edneia Oliveira, mezzo-soprano – Dama"," Edneia Oliveira, mezzo-soprano – Dama"
"2009","junho","25 e 27","CONFERIR","Temporada de Ópera da Fundação Clóvis Salgado"," Edneia Oliveira, mezzo-soprano – Dama","Cynthia Lawrence, soprano – Lady Macbeth"
"2009","junho","25 e 27","CONFERIR","Temporada de Ópera da Fundação Clóvis Salgado"," Edneia Oliveira, mezzo-soprano – Dama","Luiz Molz, baixo – Banquo"
"2009","junho","25 e 27","CONFERIR","Temporada de Ópera da Fundação Clóvis Salgado"," Edneia Oliveira, mezzo-soprano – Dama"," Mauro Chantal, baixo – Doméstico"
"2009","junho","25 e 27","CONFERIR","Temporada de Ópera da Fundação Clóvis Salgado"," Edneia Oliveira, mezzo-soprano – Dama",""
"2009","junho","25 e 27","CONFERIR","Temporada de Ópera da Fundação Clóvis Salgado"," Edneia Oliveira, mezzo-soprano – Dama","Fernando Chalabe, tenor – Malcolm"
"2009","junho","25 e 27","CONFERIR","Temporada de Ópera da Fundação Clóvis Salgado","Fernando Chalabe, tenor – Malcolm","Eduardo Sant’anna, barítono – Médico e Sicário"
"2009","junho","25 e 27","CONFERIR","Temporada de Ópera da Fundação Clóvis Salgado","Fernando Chalabe, tenor – Malcolm","Jason Stearns, barítono – Macbeth"
"2009","junho","25 e 27","CONFERIR","Temporada de Ópera da Fundação Clóvis Salgado","Fernando Chalabe, tenor – Malcolm","Octávio Arevalo, tenor – Macduff"
"2009","junho","25 e 27","CONFERIR","Temporada de Ópera da Fundação Clóvis Salgado","Fernando Chalabe, tenor – Malcolm","VERDI | Macbeth"
"2009","junho","25 e 27","CONFERIR","Temporada de Ópera da Fundação Clóvis Salgado","Fernando Chalabe, tenor – Malcolm"," Edneia Oliveira, mezzo-soprano – Dama"
"2009","junho","25 e 27","CONFERIR","Temporada de Ópera da Fundação Clóvis Salgado","Fernando Chalabe, tenor – Malcolm","Cynthia Lawrence, soprano – Lady Macbeth"
"2009","junho","25 e 27","CONFERIR","Temporada de Ópera da Fundação Clóvis Salgado","Fernando Chalabe, tenor – Malcolm","Luiz Molz, baixo – Banquo"
"2009","junho","25 e 27","CONFERIR","Temporada de Ópera da Fundação Clóvis Salgado","Fernando Chalabe, tenor – Malcolm"," Mauro Chantal, baixo – Doméstico"
"2009","junho","25 e 27","CONFERIR","Temporada de Ópera da Fundação Clóvis Salgado","Fernando Chalabe, tenor – Malcolm",""
"2009","junho","25 e 27","CONFERIR","Temporada de Ópera da Fundação Clóvis Salgado","Fernando Chalabe, tenor – Malcolm","Fernando Chalabe, tenor – Malcolm"
"2009","junho","25 e 27","CONFERIR","Temporada de Ópera da Fundação Clóvis Salgado","Eduardo Sant’anna, barítono – Médico e Sicário","Eduardo Sant’anna, barítono – Médico e Sicário"
"2009","junho","25 e 27","CONFERIR","Temporada de Ópera da Fundação Clóvis Salgado","Eduardo Sant’anna, barítono – Médico e Sicário","Jason Stearns, barítono – Macbeth"
"2009","junho","25 e 27","CONFERIR","Temporada de Ópera da Fundação Clóvis Salgado","Eduardo Sant’anna, barítono – Médico e Sicário","Octávio Arevalo, tenor – Macduff"
"2009","junho","25 e 27","CONFERIR","Temporada de Ópera da Fundação Clóvis Salgado","Eduardo Sant’anna, barítono – Médico e Sicário","VERDI | Macbeth"
"2009","junho","25 e 27","CONFERIR","Temporada de Ópera da Fundação Clóvis Salgado","Eduardo Sant’anna, barítono – Médico e Sicário"," Edneia Oliveira, mezzo-soprano – Dama"
"2009","junho","25 e 27","CONFERIR","Temporada de Ópera da Fundação Clóvis Salgado","Eduardo Sant’anna, barítono – Médico e Sicário","Cynthia Lawrence, soprano – Lady Macbeth"
"2009","junho","25 e 27","CONFERIR","Temporada de Ópera da Fundação Clóvis Salgado","Eduardo Sant’anna, barítono – Médico e Sicário","Luiz Molz, baixo – Banquo"
"2009","junho","25 e 27","CONFERIR","Temporada de Ópera da Fundação Clóvis Salgado","Eduardo Sant’anna, barítono – Médico e Sicário"," Mauro Chantal, baixo – Doméstico"
"2009","junho","25 e 27","CONFERIR","Temporada de Ópera da Fundação Clóvis Salgado","Eduardo Sant’anna, barítono – Médico e Sicário",""
"2009","junho","25 e 27","CONFERIR","Temporada de Ópera da Fundação Clóvis Salgado","Eduardo Sant’anna, barítono – Médico e Sicário","Fernando Chalabe, tenor – Malcolm"
"2009","junho","25 e 27","CONFERIR","Temporada de Ópera da Fundação Clóvis Salgado"," Mauro Chantal, baixo – Doméstico
","Eduardo Sant’anna, barítono – Médico e Sicário"
"2009","junho","25 e 27","CONFERIR","Temporada de Ópera da Fundação Clóvis Salgado"," Mauro Chantal, baixo – Doméstico
","Jason Stearns, barítono – Macbeth"
"2009","junho","25 e 27","CONFERIR","Temporada de Ópera da Fundação Clóvis Salgado"," Mauro Chantal, baixo – Doméstico
","Octávio Arevalo, tenor – Macduff"
"2009","junho","25 e 27","CONFERIR","Temporada de Ópera da Fundação Clóvis Salgado"," Mauro Chantal, baixo – Doméstico
","VERDI | Macbeth"
"2009","junho","25 e 27","CONFERIR","Temporada de Ópera da Fundação Clóvis Salgado"," Mauro Chantal, baixo – Doméstico
"," Edneia Oliveira, mezzo-soprano – Dama"
"2009","junho","25 e 27","CONFERIR","Temporada de Ópera da Fundação Clóvis Salgado"," Mauro Chantal, baixo – Doméstico
","Cynthia Lawrence, soprano – Lady Macbeth"
"2009","junho","25 e 27","CONFERIR","Temporada de Ópera da Fundação Clóvis Salgado"," Mauro Chantal, baixo – Doméstico
","Luiz Molz, baixo – Banquo"
"2009","junho","25 e 27","CONFERIR","Temporada de Ópera da Fundação Clóvis Salgado"," Mauro Chantal, baixo – Doméstico
"," Mauro Chantal, baixo – Doméstico"
"2009","junho","25 e 27","CONFERIR","Temporada de Ópera da Fundação Clóvis Salgado"," Mauro Chantal, baixo – Doméstico
",""
"2009","junho","25 e 27","CONFERIR","Temporada de Ópera da Fundação Clóvis Salgado"," Mauro Chantal, baixo – Doméstico
","Fernando Chalabe, tenor – Malcolm"
"2009","junho","25 e 27","CONFERIR","Temporada de Ópera da Fundação Clóvis Salgado","Coral Lírico de Minas Gerais","Eduardo Sant’anna, barítono – Médico e Sicário"
"2009","junho","25 e 27","CONFERIR","Temporada de Ópera da Fundação Clóvis Salgado","Coral Lírico de Minas Gerais","Jason Stearns, barítono – Macbeth"
"2009","junho","25 e 27","CONFERIR","Temporada de Ópera da Fundação Clóvis Salgado","Coral Lírico de Minas Gerais","Octávio Arevalo, tenor – Macduff"
"2009","junho","25 e 27","CONFERIR","Temporada de Ópera da Fundação Clóvis Salgado","Coral Lírico de Minas Gerais","VERDI | Macbeth"
"2009","junho","25 e 27","CONFERIR","Temporada de Ópera da Fundação Clóvis Salgado","Coral Lírico de Minas Gerais"," Edneia Oliveira, mezzo-soprano – Dama"
"2009","junho","25 e 27","CONFERIR","Temporada de Ópera da Fundação Clóvis Salgado","Coral Lírico de Minas Gerais","Cynthia Lawrence, soprano – Lady Macbeth"
"2009","junho","25 e 27","CONFERIR","Temporada de Ópera da Fundação Clóvis Salgado","Coral Lírico de Minas Gerais","Luiz Molz, baixo – Banquo"
"2009","junho","25 e 27","CONFERIR","Temporada de Ópera da Fundação Clóvis Salgado","Coral Lírico de Minas Gerais"," Mauro Chantal, baixo – Doméstico"
"2009","junho","25 e 27","CONFERIR","Temporada de Ópera da Fundação Clóvis Salgado","Coral Lírico de Minas Gerais",""
"2009","junho","25 e 27","CONFERIR","Temporada de Ópera da Fundação Clóvis Salgado","Coral Lírico de Minas Gerais","Fernando Chalabe, tenor – Malcolm"
"2009","junho","6 e 7","CONFERIR","Turnê Nacional","Fabio Mechetti, regente","Sinfonia n°36 em Dó maior, K. 425, “Linz”"
"2009","junho","6 e 7","CONFERIR","Turnê Nacional","Fabio Mechetti, regente",""
"2009","junho","6 e 7","CONFERIR","Turnê Nacional","Fabio Mechetti, regente","Concerto para piano n° 17 em Sol maior, K. 453"
"2009","junho","6 e 7","CONFERIR","Turnê Nacional","Fabio Mechetti, regente",""
"2009","junho","6 e 7","CONFERIR","Turnê Nacional","Fabio Mechetti, regente","Programa 7 de junho"
"2009","junho","6 e 7","CONFERIR","Turnê Nacional","Fabio Mechetti, regente","MOZART | Sinfonia n°36 em Dó maior, K. 425, “Linz”"
"2009","junho","6 e 7","CONFERIR","Turnê Nacional","Fabio Mechetti, regente","MOZART | Concerto para piano n° 17 em Sol maior, K. 453"
"2009","junho","6 e 7","CONFERIR","Turnê Nacional","Fabio Mechetti, regente",""
"2009","junho","6 e 7","CONFERIR","Turnê Nacional","Fabio Mechetti, regente","Programa 6 de junho"
"2009","junho","6 e 7","CONFERIR","Turnê Nacional","Fabio Mechetti, regente","MOZART | Don Giovanni: Abertura"
"2009","junho","6 e 7","CONFERIR","Turnê Nacional","Fabio Mechetti, regente","MOZART | Serenata n° 6 em Ré maior, K. 239, “Noturna”"
"2009","junho","6 e 7","CONFERIR","Turnê Nacional","Fabio Mechetti, regente","MOZART | Concerto para piano n° 17 em Sol maior, K. 453"
"2009","junho","6 e 7","CONFERIR","Turnê Nacional","Arnaldo Cohen, piano","Sinfonia n°36 em Dó maior, K. 425, “Linz”"
"2009","junho","6 e 7","CONFERIR","Turnê Nacional","Arnaldo Cohen, piano",""
"2009","junho","6 e 7","CONFERIR","Turnê Nacional","Arnaldo Cohen, piano","Concerto para piano n° 17 em Sol maior, K. 453"
"2009","junho","6 e 7","CONFERIR","Turnê Nacional","Arnaldo Cohen, piano",""
"2009","junho","6 e 7","CONFERIR","Turnê Nacional","Arnaldo Cohen, piano","Programa 7 de junho"
"2009","junho","6 e 7","CONFERIR","Turnê Nacional","Arnaldo Cohen, piano","MOZART | Sinfonia n°36 em Dó maior, K. 425, “Linz”"
"2009","junho","6 e 7","CONFERIR","Turnê Nacional","Arnaldo Cohen, piano","MOZART | Concerto para piano n° 17 em Sol maior, K. 453"
"2009","junho","6 e 7","CONFERIR","Turnê Nacional","Arnaldo Cohen, piano",""
"2009","junho","6 e 7","CONFERIR","Turnê Nacional","Arnaldo Cohen, piano","Programa 6 de junho"
"2009","junho","6 e 7","CONFERIR","Turnê Nacional","Arnaldo Cohen, piano","MOZART | Don Giovanni: Abertura"
"2009","junho","6 e 7","CONFERIR","Turnê Nacional","Arnaldo Cohen, piano","MOZART | Serenata n° 6 em Ré maior, K. 239, “Noturna”"
"2009","junho","6 e 7","CONFERIR","Turnê Nacional","Arnaldo Cohen, piano","MOZART | Concerto para piano n° 17 em Sol maior, K. 453"
"2009","junho","2","Palácio das Artes","Vivace","Fabio Mechetti, regente","VILLA-LOBOS | Bachianas Brasileiras nº 9"
"2009","junho","2","Palácio das Artes","Vivace","Fabio Mechetti, regente","TCHAIKOVSKY | Concerto para violino em Ré maior, op. 35"
"2009","junho","2","Palácio das Artes","Vivace","Fabio Mechetti, regente","SHOSTAKOVICH | Sinfonia nº 1 em fá menor, op. 10"
"2009","junho","2","Palácio das Artes","Vivace","Nicolas Koeckert, violino","VILLA-LOBOS | Bachianas Brasileiras nº 9"
"2009","junho","2","Palácio das Artes","Vivace","Nicolas Koeckert, violino","TCHAIKOVSKY | Concerto para violino em Ré maior, op. 35"
"2009","junho","2","Palácio das Artes","Vivace","Nicolas Koeckert, violino","SHOSTAKOVICH | Sinfonia nº 1 em fá menor, op. 10"
"2009","maio","24","Instituto de Educação de Minas Gerais","Concertos para a Juventude","Fabio Costa, regente
","Sinfonia n°36 em Dó maior, K. 425, “Linz”: Presto"
"2009","maio","24","Instituto de Educação de Minas Gerais","Concertos para a Juventude","Fabio Costa, regente
",""
"2009","maio","24","Instituto de Educação de Minas Gerais","Concertos para a Juventude","Fabio Costa, regente
","SMETANA | A noiva vendida: Dança dos comediantes"
"2009","maio","24","Instituto de Educação de Minas Gerais","Concertos para a Juventude","Fabio Costa, regente
","ARBAN | Variações sobre o Carnaval de Veneza"
"2009","maio","24","Instituto de Educação de Minas Gerais","Concertos para a Juventude","Fabio Costa, regente
","CURNOW | Variações para eufônio e orquestra"
"2009","maio","24","Instituto de Educação de Minas Gerais","Concertos para a Juventude","Fabio Costa, regente
","MENDELSSOHN | Sinfonia n°3 em lá menor, op. 56, “Escocesa”: Vivace non troppo"
"2009","maio","24","Instituto de Educação de Minas Gerais","Concertos para a Juventude","Fabio Costa, regente
","BRAHMS | Sinfonia n°2 em Ré maior, op. 73: Allegretto grazioso (quase andantino)"
"2009","maio","24","Instituto de Educação de Minas Gerais","Concertos para a Juventude","Fabio Costa, regente
","MOZART | Sinfonia n°36 em Dó maior, K. 425, “Linz”: Presto"
"2009","maio","24","Instituto de Educação de Minas Gerais","Concertos para a Juventude","Fabio Costa, regente
","DVORÁK | Danças Eslavas, op. 46, nº 1 e nº 8"
"2009","maio","24","Instituto de Educação de Minas Gerais","Concertos para a Juventude","Fabio Costa, regente
","NEPOMUCENO | O Garatuja: Prelúdio"
"2009","maio","24","Instituto de Educação de Minas Gerais","Concertos para a Juventude","Fabio Costa, regente
","Danças Eslavas, op. 46, nº 1 e nº 8"
"2009","maio","24","Instituto de Educação de Minas Gerais","Concertos para a Juventude","Fabio Costa, regente
",""
"2009","maio","24","Instituto de Educação de Minas Gerais","Concertos para a Juventude","Rafael Mendes, eufônio","Sinfonia n°36 em Dó maior, K. 425, “Linz”: Presto"
"2009","maio","24","Instituto de Educação de Minas Gerais","Concertos para a Juventude","Rafael Mendes, eufônio",""
"2009","maio","24","Instituto de Educação de Minas Gerais","Concertos para a Juventude","Rafael Mendes, eufônio","SMETANA | A noiva vendida: Dança dos comediantes"
"2009","maio","24","Instituto de Educação de Minas Gerais","Concertos para a Juventude","Rafael Mendes, eufônio","ARBAN | Variações sobre o Carnaval de Veneza"
"2009","maio","24","Instituto de Educação de Minas Gerais","Concertos para a Juventude","Rafael Mendes, eufônio","CURNOW | Variações para eufônio e orquestra"
"2009","maio","24","Instituto de Educação de Minas Gerais","Concertos para a Juventude","Rafael Mendes, eufônio","MENDELSSOHN | Sinfonia n°3 em lá menor, op. 56, “Escocesa”: Vivace non troppo"
"2009","maio","24","Instituto de Educação de Minas Gerais","Concertos para a Juventude","Rafael Mendes, eufônio","BRAHMS | Sinfonia n°2 em Ré maior, op. 73: Allegretto grazioso (quase andantino)"
"2009","maio","24","Instituto de Educação de Minas Gerais","Concertos para a Juventude","Rafael Mendes, eufônio","MOZART | Sinfonia n°36 em Dó maior, K. 425, “Linz”: Presto"
"2009","maio","24","Instituto de Educação de Minas Gerais","Concertos para a Juventude","Rafael Mendes, eufônio","DVORÁK | Danças Eslavas, op. 46, nº 1 e nº 8"
"2009","maio","24","Instituto de Educação de Minas Gerais","Concertos para a Juventude","Rafael Mendes, eufônio","NEPOMUCENO | O Garatuja: Prelúdio"
"2009","maio","24","Instituto de Educação de Minas Gerais","Concertos para a Juventude","Rafael Mendes, eufônio","Danças Eslavas, op. 46, nº 1 e nº 8"
"2009","maio","24","Instituto de Educação de Minas Gerais","Concertos para a Juventude","Rafael Mendes, eufônio",""
"2009","maio","20 a 22","Belo Horizonte","Concertos Didáticos","Fabio Costa, regente","Programa PUC Minas"
"2009","maio","20 a 22","Belo Horizonte","Concertos Didáticos","Fabio Costa, regente","SMETANA | A noiva vendida: Dança dos comediantes"
"2009","maio","20 a 22","Belo Horizonte","Concertos Didáticos","Fabio Costa, regente","DVORÁK | Danças Eslavas, op. 46, nº 1, nº 6 e nº 8 – Danças Eslavas, op. 72, nº 2"
"2009","maio","20 a 22","Belo Horizonte","Concertos Didáticos","Fabio Costa, regente","MENDELSSOHN | Sinfonia n°3 em lá menor, op. 56, “Escocesa”: Vivace non troppo"
"2009","maio","20 a 22","Belo Horizonte","Concertos Didáticos","Fabio Costa, regente","MOZART | Sinfonia n°36 em Dó maior, K. 425, “Linz”: Presto"
"2009","maio","20 a 22","Belo Horizonte","Concertos Didáticos","Fabio Costa, regente","NEPOMUCENO | O Garatuja: Prelúdio"
"2009","maio","20 a 22","Belo Horizonte","Concertos Didáticos","Fabio Costa, regente","Danças Eslavas, op. 46, nº 1, nº 6 e nº 8 – Danças Eslavas, op. 72, nº 2"
"2009","maio","20 a 22","Belo Horizonte","Concertos Didáticos","Fabio Costa, regente",""
"2009","maio","20 a 22","Belo Horizonte","Concertos Didáticos","Fabio Costa, regente","Sinfonia n°36 em Dó maior, K. 425, “Linz”: Presto"
"2009","maio","20 a 22","Belo Horizonte","Concertos Didáticos","Fabio Costa, regente",""
"2009","maio","20 a 22","Belo Horizonte","Concertos Didáticos","Fabio Costa, regente","Maria Tudor: Abertura"
"2009","maio","20 a 22","Belo Horizonte","Concertos Didáticos","Fabio Costa, regente",""
"2009","maio","20 a 22","Belo Horizonte","Concertos Didáticos","Fabio Costa, regente","Programa UFMG e UEMG"
"2009","maio","20 a 22","Belo Horizonte","Concertos Didáticos","Fabio Costa, regente","SMETANA | A noiva vendida: Dança dos comediantes"
"2009","maio","20 a 22","Belo Horizonte","Concertos Didáticos","Fabio Costa, regente","GOMES | Maria Tudor: Abertura"
"2009","maio","20 a 22","Belo Horizonte","Concertos Didáticos","Fabio Costa, regente","BORODIN | Príncipe Igor: Danças Polovtsianas"
"2009","maio","20 a 22","Belo Horizonte","Concertos Didáticos","Fabio Costa, regente","DVORÁK | Danças Eslavas, op. 46, nº 1, nº 6 e nº 8 – Danças Eslavas, op. 72, nº 2"
"2009","maio","20 a 22","Belo Horizonte","Concertos Didáticos","Fabio Costa, regente","RIMSKY-KORSAKOV | Capricho Espanhol, op. 34"
"2009","maio","15","Palácio das Artes","Especial","Aylton Escobar, regente convidado
","HAYDN | A Criação"
"2009","maio","15","Palácio das Artes","Especial","Carmen Monarcha, soprano
","HAYDN | A Criação"
"2009","maio","15","Palácio das Artes","Especial","Sergio Weintraub, tenor
","HAYDN | A Criação"
"2009","maio","15","Palácio das Artes","Especial","Carlos Eduardo Marcos, baixo
Coral Lírico de Minas Gerais
Afrânio Lacerda, regente do coral","HAYDN | A Criação"
"2009","maio","10","Parque das Mangabeiras ","Clássicos na Praça","Fabio Costa, regente","SMETANA | A noiva vendida: Dança dos comediantes"
"2009","maio","10","Parque das Mangabeiras ","Clássicos na Praça","Fabio Costa, regente","GOMES | Maria Tudor: Abertura"
"2009","maio","10","Parque das Mangabeiras ","Clássicos na Praça","Fabio Costa, regente","BORODIN | Príncipe Igor: Danças Polovtsianas"
"2009","maio","10","Parque das Mangabeiras ","Clássicos na Praça","Fabio Costa, regente","NEPOMUCENO | O Garatuja: Prelúdio"
"2009","maio","10","Parque das Mangabeiras ","Clássicos na Praça","Fabio Costa, regente","DVORÁK | Danças Eslavas, op. 46, nº 1, nº 6 e nº 8 – Danças Eslavas, op. 72, nº 2"
"2009","maio","10","Parque das Mangabeiras ","Clássicos na Praça","Fabio Costa, regente","RIMSKY-KORSAKOV | Capricho Espanhol, op. 34"
"2009","maio","7","Palácio das Artes","Allegro","Carlos Moreno, regente convidado
","NEPOMUCENO | O Garatuja: Prelúdio"
"2009","maio","7","Palácio das Artes","Allegro","Carlos Moreno, regente convidado
","CHOPIN | Concerto para piano n°2 em fá menor, op. 21"
"2009","maio","7","Palácio das Artes","Allegro","Carlos Moreno, regente convidado
","BRAHMS | Sinfonia n°2 em Ré maior, op. 73"
"2009","maio","7","Palácio das Artes","Allegro","Ricardo Castro, piano","NEPOMUCENO | O Garatuja: Prelúdio"
"2009","maio","7","Palácio das Artes","Allegro","Ricardo Castro, piano","CHOPIN | Concerto para piano n°2 em fá menor, op. 21"
"2009","maio","7","Palácio das Artes","Allegro","Ricardo Castro, piano","BRAHMS | Sinfonia n°2 em Ré maior, op. 73"
"2009","maio","2","Palácio das Artes","Especial","Fabio Costa, regente
","GUARNIERI | Prólogo e Fuga"
"2009","maio","2","Palácio das Artes","Especial","Fabio Costa, regente
","MENDELSSOHN | Sinfonia n°3 em lá menor, op. 56, “Escocesa”"
"2009","abril","30","Palácio das Artes","Allegro","Fabio Mechetti, regente
","GUARNIERI | Prólogo e Fuga"
"2009","abril","30","Palácio das Artes","Allegro","Fabio Mechetti, regente
","CHOPIN | Concerto para piano n°1 em mi menor"
"2009","abril","30","Palácio das Artes","Allegro","Fabio Mechetti, regente
","MENDELSSOHN | Sinfonia n°3 em lá menor, op. 56, “Escocesa”"
"2009","abril","30","Palácio das Artes","Allegro","Ricardo Castro, piano","GUARNIERI | Prólogo e Fuga"
"2009","abril","30","Palácio das Artes","Allegro","Ricardo Castro, piano","CHOPIN | Concerto para piano n°1 em mi menor"
"2009","abril","30","Palácio das Artes","Allegro","Ricardo Castro, piano","MENDELSSOHN | Sinfonia n°3 em lá menor, op. 56, “Escocesa”"
"2009","abril","23","Instituto de Educação de Minas Gerais","Concertos Didáticos","Fabio Costa, regente","DVORÁK | Abertura Carnaval, op. 92"
"2009","abril","23","Instituto de Educação de Minas Gerais","Concertos Didáticos","Fabio Costa, regente","WAGNER | Os mestres cantores: Prelúdio"
"2009","abril","20","Ouro Preto","Especial","Fabio Costa, regente","SILVA | Hino Nacional Brasileiro"
"2009","abril","20","Ouro Preto","Especial","Fabio Costa, regente","RAVEL | Bolero"
"2009","abril","16 a 18","CONFERIR","Turnê Estadual","Fabio Costa, regente","GOMES | Maria Tudor: Abertura"
"2009","abril","16 a 18","CONFERIR","Turnê Estadual","Fabio Costa, regente","BORODIN | Príncipe Igor: Danças Polovtsianas"
"2009","abril","16 a 18","CONFERIR","Turnê Estadual","Fabio Costa, regente","MOZART | Sinfonia n°36 em Dó maior, K. 425, “Linz”"
"2009","abril","16 a 18","CONFERIR","Turnê Estadual","Fabio Costa, regente","RIMSKY-KORSAKOV | Capricho Espanhol, op. 34"
"2009","abril","9","Palácio das Artes","Allegro","Fabio Mechetti, regente","MOZART | Sinfonia n°36 em Dó maior, K. 425, “Linz”"
"2009","abril","9","Palácio das Artes","Allegro","Fabio Mechetti, regente","MAHLER | Sinfonia n°5 em dó sustenido menor"
"2009","março","6 e 23","Instituto de Educação de Minas Gerais","Concertos Didáticos","Fabio Costa, regente","DVORÁK | Abertura Carnaval, op. 92"
"2009","março","6 e 23","Instituto de Educação de Minas Gerais","Concertos Didáticos","Fabio Costa, regente","WAGNER | Os mestres cantores: Prelúdio"
"2009","março","19","Palácio das Artes","Allegro","Fabio Mechetti, regente
","VERDI | A força do destino: Abertura – Pace, pace, mio Dio"
"2009","março","19","Palácio das Artes","Allegro","Fabio Mechetti, regente
","R. STRAUSS | Quatro últimas canções"
"2009","março","19","Palácio das Artes","Allegro","Fabio Mechetti, regente
","KALLINIKOV | Sinfonia n°1 em sol menor"
"2009","março","19","Palácio das Artes","Allegro","Eliane Coelho, soprano","VERDI | A força do destino: Abertura – Pace, pace, mio Dio"
"2009","março","19","Palácio das Artes","Allegro","Eliane Coelho, soprano","R. STRAUSS | Quatro últimas canções"
"2009","março","19","Palácio das Artes","Allegro","Eliane Coelho, soprano","KALLINIKOV | Sinfonia n°1 em sol menor"
"2009","março","3","Palácio das Artes","Vivace","Ira Levin, regente convidado
","VILLA-LOBOS | Bachianas Brasileiras nº 7"
"2009","março","3","Palácio das Artes","Vivace","Ira Levin, regente convidado
","LALO | Concerto para violoncelo em ré menor"
"2009","março","3","Palácio das Artes","Vivace","Ira Levin, regente convidado
","LISZT | Tasso: Lamento e triunfo"
"2009","março","3","Palácio das Artes","Vivace","Ira Levin, regente convidado
","WAGNER | Os mestres cantores: Prelúdio"
"2009","março","3","Palácio das Artes","Vivace","Márcio Carneiro, violoncelo","VILLA-LOBOS | Bachianas Brasileiras nº 7"
"2009","março","3","Palácio das Artes","Vivace","Márcio Carneiro, violoncelo","LALO | Concerto para violoncelo em ré menor"
"2009","março","3","Palácio das Artes","Vivace","Márcio Carneiro, violoncelo","LISZT | Tasso: Lamento e triunfo"
"2009","março","3","Palácio das Artes","Vivace","Márcio Carneiro, violoncelo","WAGNER | Os mestres cantores: Prelúdio"
"2009","fevereiro","19","Palácio das Artes","Allegro","Fabio Mechetti, regente
","DVORÁK | Abertura Carnaval, op. 92"
"2009","fevereiro","19","Palácio das Artes","Allegro","Fabio Mechetti, regente
","KHATCHATURIAN | Concerto para piano em Ré bemol maior, op. 38"
"2009","fevereiro","19","Palácio das Artes","Allegro","Fabio Mechetti, regente
","RIMSKY-KORSAKOV | Sheherazade, op. 35"
"2009","fevereiro","19","Palácio das Artes","Allegro","Terrence Wilson, piano","DVORÁK | Abertura Carnaval, op. 92"
"2009","fevereiro","19","Palácio das Artes","Allegro","Terrence Wilson, piano","KHATCHATURIAN | Concerto para piano em Ré bemol maior, op. 38"
"2009","fevereiro","19","Palácio das Artes","Allegro","Terrence Wilson, piano","RIMSKY-KORSAKOV | Sheherazade, op. 35"
